"contractAddress","ein","entityType","totalEthReceived","recognizedUsdcBalance"
"0x14dc37374aff6e1748451a5ab7f01d865b98214a","null","Fund","0","2418111712944"
"0xa78bfb0e4c75deda7514aff31808b34b0f355654","null","Fund","0","270640375734"
"0x1389ccf4677d6d25a2cf27bcf774a05da2a2bbe8","null","Fund","0","252540880200"
"0x19a72a82253025b032cf13630203a3cabe0c3c3d","null","Fund","0","182992833027"
"0xa635fbe486d2077746a2cbb0d3c3aaa2e6094ff0","null","Fund","0","142384272408"
"0xf2814308b1c1d3d993f0734a95ed919eec43d06a","null","Fund","0","141932398362"
"0xb177344911346493ba2a0edb0bd52818f26d4cf8","null","Fund","13141338698630136974","124513096955"
"0xbb6453a11e39b33c85a8a166919126076ae65981","null","Fund","0","87430120765"
"0x2fcd1365e6ada58e3b680cf4c321efabc5da9dbd","null","Fund","0","82803243500"
"0x8fa2d80045c00cff6d83189c978c879da80e4e06","null","Fund","0","80373728514"
"0x244064a29c0a18dfbc387a9aebc76d425a59aa07","null","Fund","0","70974847139"
"0x8b44a8950cadce0518ed4f53a98f71168f1b6486","null","Fund","0","67957703344"
"0x7a08c31f10f107e359a96ac6aee7f44d0571f5e5","null","Fund","31411872109890109918","64509053803"
"0xeaab0f4a70ff7955f9f95f5fc87e18fe34a73996","null","Fund","0","58994002614"
"0xd1bc4bc9eda40122ea81b2a00f206c11be0cc7fb","null","Fund","36000000000000000","54670889236"
"0xe136adda290e185dc4eacf1888f019370b326ae0","null","Fund","0","52129366397"
"0xc26d4ac854ee9e3f8cb431da656a3ad801d3fa2d","null","Fund","0","48713577273"
"0x3ea86efce45683f413e80c5d1a5738f374958d64","null","Fund","0","44354805403"
"0xf60dc2e9a6d4f22e5d2dfaa1abc6b817d46a0e80","null","Fund","0","39601675137"
"0xc4e6f90374d99ca9ad66712051ec32756e81fca9","null","Fund","0","30620359637"
"0xe1301552333ead470094c45cc37acfa1293afafa","null","Fund","0","29983224463"
"0x397323f939f2dc0314465e197e191779deb00c60","null","Fund","0","23420575906"
"0xf48a766fd530fbd58f3567e5f7b3fa415e4a8e2d","113769438","Org","0","20109650527"
"0x61ee0f669124d62a39af5acf81d6ec303ff4e2c4","990261283","Org","0","17054906278"
"0x06d62c1c01a6be0772c08f2154c4e031d14f74b7","null","Fund","0","12220633915"
"0xbed921347fa2432415e5c2368b2e062f5bf5f4c9","null","Fund","6480000000000000000","10747471485"
"0xebd80472b3a37d4ba8f0230072f8ea492f4631d7","null","Fund","0","5200336996"
"0xc11c65864c42c4c62c4d557ac06a33db7d78f411","null","Fund","0","3353074834"
"0x92ebf374a4c0e0d329c2329c08b0a606ec92aeb5","null","Fund","0","3015465123"
"0x33c6311a12c59ce55603796688789b5822f32765","455257937","Org","1804239963915200695","2962379869"
"0xe435c112772f1f01b7bf5375d64a62c0794fe496","null","Fund","0","1762630393"
"0x7cdc5b0f89227b41d95ad49a66cadd27e5b56b43","null","Fund","0","1699061541"
"0x45e32efc33f3b7c81a92ab564e69db66308fa5ad","null","Fund","1959666348773841962","1383614991"
"0x8fb1e0000586808ed9fd7bac0c735715b59227b5","null","Fund","2300000000000000000","1352235703"
"0xac1225703ba0ecca3df28cbc5eafcd692593a8f1","null","Fund","10000000000000000","1305524373"
"0x6b2ffb06d593e6cbabfc6f16c013e111e5cd8521","472377309","Org","629789770000000000","1034113560"
"0x28caf121dbebe53c067ecab085f310ae3d63161b","030329656","Org","0","990000000"
"0xcbae52b2b5f26c9923845bb1153ad5f12c863913","null","Fund","0","928457989"
"0x23a6b4e16a04fb2a79a7b51861416d8112b7b22a","null","Fund","481500000000000000","862629684"
"0x9c2932c477be504653165b19c8b64a14275e8d00","null","Fund","0","845897537"
"0xcf7f5b64756cd3b8c4f65a7e20f6e686cf153a3d","042535767","Org","5797007999999999999","705085544"
"0xbdc6658a02aadff7e55f1000208c43dcf1a779e3","null","Fund","0","668169978"
"0xa0858a1d516161f59b7938d96c00997e89ce282f","null","Fund","0","660938657"
"0x02ded706270f1035cd61779982d7001d028d47cc","990315110","Org","0","342101522"
"0x41ceaca13a9e4c309fb6f3a91f14385c76760fb4","042103821","Org","0","284210963"
"0x241bcc7dcba51f5165354577282b23e4bc7682d8","null","Fund","0","275724176"
"0x2dcb634251ee8e07d3e4391e11b5c1ac796f9199","null","Fund","0","243349000"
"0xf6f3b6fc2b98602c7250e93c66cd39fd5b2ec68e","null","Fund","0","188138500"
"0x18aed9266ec087e2cefedb0e5773fe8d54f26d21","921465405","Org","0","187660006"
"0x4afd86cf2b3f93b1f9b580768a9c2fc607a56543","null","Fund","0","163066571"
"0xe21e745bbf64240473df293491be0fec955b6d9e","132989233","Org","0","118410518"
"0xc5c35478fa815f248e71682b3492b6a1ef1c0414","990086524","Org","0","96159083"
"0x7ecc1d4936a973ec3b153c0c713e0f71c59abf53","844661797","Org","1000000000000000","95597185"
"0xd7ac9e9c0d09814ac44ce981b6a4c52bff98821d","null","Fund","0","79050000"
"0x55df47117916199db297d3f68d26c87c1bfece7c","null","Fund","0","76418857"
"0xf93e218103d949ed0b38d0d66c9ac434ddbdd061","null","Fund","0","57117806"
"0xa80b1d5987a8561e66cca15cbed7491d06b33d80","471630253","Org","0","35363602"
"0x41a30f40a2abce79d5d0f71ffc9dbcc0f8691cd8","881688760","Org","100000000000000000","30563160"
"0xa143c94cb63b2e046ceaa7577f45cd8845192dce","132992567","Org","95443120000000000","29841921"
"0x224c6ecf8963e3bc3e79491e2a4f8273e957e71e","873334712","Org","0","29807105"
"0x83d9e387d870e0fd9961a0c802579f6039475a4d","null","Fund","2063250000000000000","28453539"
"0x115ee0408ad889f9e5da6d19f28993736aaa4cdf","w��ZMv��ۭ��s9��","Org","0","28405941"
"0x704eeac36a7b9a542e58d3fedbef2ae613beac73","133669731","Org","69444539999999999","25476406"
"0xa834b8304290666738d865f670813a0e7be2d4e6","'i�mO����+���K","Org","0","23214029"
"0x99bd15ccefe3d2c965836a802124d6ce48be2fb1","521457419","Org","0","22995644"
"0x13075ef151f909bff4301552d123ac4183ae2be4","472952798","Org","0","21399389"
"0x54b5f4dcc06a990160342ad290ef4f22fc61e423","203836551","Org","0","20876726"
"0x92fcb49d8d0d0ab2d5b757d7ad9e0464b1b6d9dd","873405212","Org","0","19634333"
"0xfe6eed3ab74fc91cd72d904859633674b4852fe0","null","Fund","0","19028289"
"0x353efc2ffa8afb046e37ab867cff3a4ecf8b6ab0","770234719","Org","33130772755981487","17589585"
"0xfa81f82a5fc84580fedaec81fca55b17edd8cc0e","882949785","Org","0","17337677"
"0xcccb7cf087b666740f7fe20e81654befff43f7f7","462368538","Org","0","17302102"
"0xbf3baea90575cb22be166efec678129c6f41da05","521601960","Org","2156940000000000","17118064"
"0xe8d0419c8decabb1ddd0f76eae5b3203a580fdce","521584936","Org","0","15899691"
"0x3d527234b1db6d66e48e403a9dd98def00de98cf","020767157","Org","0","15548215"
"0x8d2a84300d6ce230ed3fffc23dbcdf1e6c781ff0","null","Fund","700000000000000000","10018758"
"0x3058b9c902d41eca3797e52eb2bcb9393a1da3ea","`���O7���c�<�q2","Org","0","9618961"
"0xc6285c18b9673c955b802fe29f7b32975dfe304b","530242652","Org","0","9419497"
"0x41b575c884067bab5f5e3a8ada0cf9c888e3f927","null","Fund","0","4869209"
"0xe412def0b22e9d30e09afcb49fa4242ccba11f35","null","Fund","0","1342918"
"0x4b8d5e0301e70f12afe3641ad773fac7afd96cb1","null","Fund","0","795000"
"0xd6388932a6819021661711c316c6db4557091415","null","Fund","0","582694"
"0xe66ad6856be1b0d50f356e2e0fca8f38ae032623","K�y .OE����l��","Org","0","99000"
"0x38e117289b55a81302ac70415799165a0dd4c8a6","null","Fund","0","82625"
"0x308f4020ea765c830f82a58695c809b9651f02f4","null","Fund","0","48386"
"0x9255ccbfd03fbfafe22e60ead567299dee35c31a","null","Fund","0","10091"
"0x0e5f9c3d0c8ff693ae934bbee8345d0ede430ba3","null","Fund","0","9429"
"0x9747ed3bfcfeea30adec23a7fce99607f0478919","null","Fund","0","9161"
"0x47cfc3d69b269a6e4eaaf3bd7ccb18203ab5f386","null","Fund","0","9132"
"0xcbcb64a4c6a2ab29851db2dc217489b632040561","null","Fund","11804220103529388762","9066"
"0xe816b4b87cdfd9975839d7d29eb9508ff962a530","null","Fund","0","8439"
"0xf3cb33dd2340a80a3e1093a13096e7cf83f82d28","null","Fund","0","7876"
"0xeb5bd458a5a0f20239021a0e306b5f9c93d338b1","900578754","Org","0","7400"
"0x6feefb18cd412a2a57a5f370d127b48510e472a7","null","Fund","0","7399"
"0x3446f4ea499ecc60cc24caf4d5de106b4851552d","null","Fund","0","7187"
"0xad1468a81e5be9ab4c06b37bef65cda551717e76","null","Fund","0","6700"
"0xe3377e1e45af99fef4c1c31aa242c09710415634","null","Fund","0","6433"
"0xd0f9ac4e64b5934d09f73c3dcaccb298f36547dc","null","Fund","0","5708"
"0xd1e3fd63407b841c5efd15341f4cc728f6cd6fa3","null","Fund","0","5138"
"0x47c4bb528f038915a7758a625db9b3ecf34941e6","null","Fund","0","5027"
"0xf7de063df385392a9102da5ccd33bc6688a17423","null","Fund","0","5005"
"0x6e85e011d71b70044649c8aa9e92db7f137e722d","null","Fund","0","4777"
"0xaff1390a157e6bd5d2325fd069538b43189c9ef2","null","Fund","1000000000000000","4136"
"0xdcbbe41b6d166678c2c81a1d9e66f15f562d83ae","null","Fund","0","4044"
"0x6992dabe77b4113de3f41549dd7964c0b1a1605f","null","Fund","0","2992"
"0xc871217c2e0e2ff6f8d88d39cb12b5e96a1a52ca","null","Fund","0","2826"
"0xb76c108b05409e0904fd6a852aaad20ae69e5034","null","Fund","0","2150"
"0xf55c9b1b55b38b11b3095b41237d25535a933cd9","null","Fund","3491080000000000","1968"
"0x76f8932ea67bc32340d1d048c74689bc27221b95","null","Fund","0","1254"
"0xb962891cb947718b556185a43c6b70c5aceb2c3e","null","Fund","0","1223"
"0x8268941b82aa52a18434b14abfde78e6f59335e2","null","Fund","0","881"
"0xb8ff3cce8bb8350e8cbb0e016599743b51660981","null","Fund","0","387"
"0x5414eb36341bdecc7d63c3bd798162a14b6446a1","null","Fund","0","237"
"0xfff4c248f109b4b0b143d59a84b30cf981c7cb52","465212292","Org","0","0"
"0xffd1070fcc1c1800c813b3f305994fb51b9a97a7","�BYjE|��ɫ3lt��","Org","0","0"
"0xffbbd9120211852fbaf38534689095c095333240","920547301","Org","0","0"
"0xffb92fa5a9a7a44632df72a2bb43b1c5bef41b32","�.�Mi�\��1���","Org","0","0"
"0xff9dfd578a593c733e588da4e2772d26ce248089","814388822","Org","0","0"
"0xff92c0155d71a667006e1bb08701e4f50366057d","134129457","Org","0","0"
"0xff75ccf22c41227cbd9ba71fe4b71331a6db2df3","271481855","Org","0","0"
"0xff660a88fdf8c2d135722baffdd5bce9f922b303","020351932","Org","0","0"
"0xff3d9692e3f491eae46d24929ef920e315a3a25e","461228334","Org","0","0"
"0xff26a490bff79fc24b1f9f61b6b204d6cc5a9452","263681514","Org","0","0"
"0xff25f8ea5b3873d25e3dda90fc96474bbde96554","911646598","Org","0","0"
"0xff254de2f4b6481061390edd4fadaf1d4c2ae32b","ٺ$�E��=�A:� �|�","Org","0","0"
"0xff18d49cdc06bb853788450329696fa7c1cd34f0","843225816","Org","0","0"
"0xff185035ae8d6f4910b51002def0ed1bc8fd8b3b","953772528","Org","0","0"
"0xff005f2589ae87c7842cfb5b7a41d31bd7c8d19b","592578534","Org","0","0"
"0xfef0e0bd254b8ae086b5d91bf891246904a53090","822441730","Org","0","0"
"0xfee73a70667700987128faea5021a7638a9c8712","311145986","Org","0","0"
"0xfed9e62b62a91b98648bf28b2a05174ecb736f57","��`KO�a�����7�","Org","0","0"
"0xfe9723eb6e924f010f9c4e157ffefb029a3cb99f","942161304","Org","0","0"
"0xfe8f940915ca846d6ba13222ab769b83fcca63ef","~E""�F)�����<��M","Org","0","0"
"0xfe5b9b12933705ed689f8c16098a950911ade0f3","y��N1�����~���","Org","0","0"
"0xfe4b0b88650eb82b1561bd1ea4c2e354a18cc4b6","���MU�;�e�؀�","Org","0","0"
"0xfe438d8435b2f0762c3a2486597c2cc63f4f8340","fA�A⾙���Gē","Org","0","0"
"0xfe1c75c2771f7a62757161fd2fc365a004d000c2","237029159","Org","0","0"
"0xfe0eceea2f181f4a62cd927fabec64aa64530c3e","�﷽K��׶��3Q�","Org","0","0"
"0xfe0abbe9ef825a87d37f2474fddeaaedcbb85304","362177139","Org","0","0"
"0xfe061dd1d61d4461632915ecc7466bcbc175fae4","742828178","Org","0","0"
"0xfdfed1c8ae173edb51e82f31ed8dbdc21e15e34e","��Z�J(�`��.l)x�","Org","0","0"
"0xfdf5929f3de36acfce09ed7028514e6704c6352d","742975922","Org","0","0"
"0xfdebb997e1edcdea8c763c00d4c74594301a0cc1","136193105","Org","0","0"
"0xfde7464b26bbfa0fd9f18a19b46c90af6c582a8f","811692702","Org","0","0"
"0xfde47a50e5ebdd010feec0af2cb402007f1c7382","135642032","Org","0","0"
"0xfdc8f17fc504c71c7796dfd068bf149187bf3e68","943207003","Org","0","0"
"0xfdc801bfdda090930eedc391db7360fcb0fde808","141387863","Org","0","0"
"0xfd8dd8ae93d71c8958b21580cbf8e348913dea9e","200963503","Org","0","0"
"0xfd86afb24488cc335906a0a7c32b94c0e98d73dd","363894824","Org","0","0"
"0xfd5b68bee72ae82bf910f897238bebb4593b84f2","rTR�L���(R�R�","Org","0","0"
"0xfd37545691805cc4e82773cf41e796790cf4d3b9","043047156","Org","0","0"
"0xfd31fa0483a0a8fd1cefd841fda4b9897aa2f49f","461329910","Org","0","0"
"0xfcf4d629e9bfd7607e869df872ef3df8c265d40d","237389749","Org","0","0"
"0xfcecf1b631dc064b6eb363a046043de74f551c91","042382233","Org","0","0"
"0xfce0dab406a2c150bfcdb64fa941c6ac4a010b84","900884353","Org","0","0"
"0xfcdea85a6496e0c5ff9512d7bd8d0b93b2f93273","null","Fund","18000000000000000","0"
"0xfcc67a7353fc27cbb63fbe88b2bc0aa61abd825e","841351483","Org","0","0"
"0xfcc54a25acd55c84f13db262485971776bf179fa","271022579","Org","0","0"
"0xfc980a9755242b076361f4ab58e52a9701553781","208568061","Org","0","0"
"0xfc9138de70a5de50e5ed3a253480b38947e81617","541517707","Org","0","0"
"0xfc8ccb7c8a41d1acb34fce524c79b3a9170e9518","464353634","Org","0","0"
"0xfc835f9f3769bd3b25edc91dc20b8cc0fb87ed90","v��L��G�oT��2D�","Org","0","0"
"0xfc39a7c4d847cd582194c90db8be8943d05a15e1","��R�@?�#�p�(��A�","Org","0","0"
"0xfc32a0e5b33ccdea4c7b96ae066b379bd35e5d72","��d7Br�ƀDf�Y/","Org","0","0"
"0xfc2de0a7c7397124d8c19dc89a1fc01874861a06","854162338","Org","0","0"
"0xfc288abd34fbe29ccc2ab8d56d50728bbcc65e18","}�H5���G˦i�2","Org","0","0"
"0xfc259ec3a734687b1537371b06f4f6998180cd15","131624229","Org","0","0"
"0xfc1db6de7b27d33dd6aa136800c6077b57bc82a3","131998814","Org","0","0"
"0xfc0eed697483e2e67047a69fe6c26e299f298a3f","�t�uA�����)���Xs","Org","0","0"
"0xfc0c39528280fef37c6c353e2cb0fc7b1de909f5","'��K��:�T@Le}�","Org","0","0"
"0xfbfe7aac263be37b77b9755079212ced793c4b97","814200676","Org","0","0"
"0xfbf1ad54ddf1a2f98197828adb178e3affe8c275","�:M[�F��(y�\r","Org","0","0"
"0xfbeea58b380406495549cd3f635532d2b63506f1","813709597","Org","0","0"
"0xfbeea4c4f273f9d5b1ab39e1cdc58118177c0f96","822167556","Org","0","0"
"0xfbd3d03f372fd771bdb26bb20a0d8f94e1a1312f","043311270","Org","0","0"
"0xfbc2b6b8b4ca729be1633d68e10f4c7d2571670c","�y��@d��∙i�e��","Org","0","0"
"0xfbb5b5a5ec7307acfe503905a63795a87f8efa6d","300999640","Org","0","0"
"0xfbb19b87c868104dd7cd8b39b31f6629caa31682","461233303","Org","0","0"
"0xfba538f1b7332c317ee9688c529ab5279e380d13","841899948","Org","0","0"
"0xfb9d6900c4b47df9a8b3de94a38e4c111ca91bcc","550611100","Org","0","0"
"0xfb71bccc4a007bc38d7c8bf098d1bc3f23ebac4e","311777082","Org","0","0"
"0xfb5d1638594cc5a06f2ffc7fd7ebb69f0e9b0597","475122077","Org","0","0"
"0xfb4c4e1579c2847ad4c26c3d0da288105149d4ee","����J̀��i@a�8��","Org","0","0"
"0xfb3f9e030e8f44f9969f887e1c2caea4331941c4","446006077","Org","0","0"
"0xfb3ce7a317d0c08976e6dc19e98ea4f4baa4c489","382117378","Org","0","0"
"0xfb25c38ccbb55dfe25743c0ae767aa23b2a6e401","951831097","Org","0","0"
"0xfb2292968f0193da9676780286c54dea36226449","810332058","Org","0","0"
"0xfaff371b07181f6119f7887e856e012949c07053","�(E\�9�Hd�6\r&9","Org","0","0"
"0xfac320f506cc90f9420bd0a130751ed5d2d12b97","770626772","Org","0","0"
"0xfab581fcb9f8eab58a2f673efe1329a597cad2d3","251637373","Org","0","0"
"0xfaaaf026951f4f5dd24dba57250eb14d775def4e","770071852","Org","0","0"
"0xfaa0defcc7fd22a3fe3a056efe4436835b664766","474415645","Org","0","0"
"0xfa99f297ee3a4beaab775be8009c9886c5c5093f","383909756","Org","0","0"
"0xfa95e36a990b28ab0910d5cd9fd557769a048a44","0_�!A�����5W��","Org","0","0"
"0xfa8c50f5d12b6f21e406eab257aa9b087e603c6c","390875189","Org","0","0"
"0xfa88d283016fc9fad327eec01eb9c2a8731c6343","853209787","Org","0","0"
"0xfa82d84b3391e4e1a512379c98ad3294f3747515","�{]�BئL�C~��d˔","Org","0","0"
"0xfa79d7e1d3ecb6a1a67011cffeb4038b6568f85b","gN��F���f��\�","Org","0","0"
"0xfa77661fde834ef6a49b149fefd79dc442367727","812679300","Org","0","0"
"0xfa6da64df3969ed8040dac2e0eac0856b7f05b4e","941156533","Org","0","0"
"0xfa62de4dbb952d5a5c336498b5f3a3ed62a6fc39","832085770","Org","0","0"
"0xfa56372e658202d2e91475d2027afd48901cd9bd","833859484","Org","0","0"
"0xfa51250a8376aec8710ccd76255a64da3b8b17e2","I��Għ��?���""{","Org","0","0"
"0xfa3be53be97b027b3f035194a1724ad86a5304df","464451148","Org","0","0"
"0xfa3432367c19d5d6bb5be63fa886865b4d5ad58d","591781637","Org","0","0"
"0xfa13323316094345de4d35c35f8ee8b4dd8e50fd","null","Fund","0","0"
"0xf9e461cc4458f4dfbd7983f029a62bceaf3b02ab","043739083","Org","0","0"
"0xf9c33bfbb44765e06a3600636c9c04c43aca13bb","132736659","Org","0","0"
"0xf99413440a7f88c9567450bd8267fa7546c23efe","'�2�I���+�Ɨޣ3","Org","0","0"
"0xf97f364a15686956c47bc628c0e12ab8cfa39555","`Z=�K��O�y<��7","Org","0","0"
"0xf963ac7fa17b1dda2e0abdb8af132a7e8dc550ff","132805575","Org","0","0"
"0xf95874577413398df7442b033114446fc1f469f4","�J��CQ���\r�*&�L","Org","0","0"
"0xf916ace1e92452537b3189c5f41dab2b41dec498","731502797","Org","0","0"
"0xf8f908489999cf536ff0a967b5980641335be065","770547201","Org","0","0"
"0xf8f3444349fcac2499785421f1641d7330487a55","871061849","Org","0","0"
"0xf8e6db436efd7b14de088ab00c699172b7b9262a","135633307","Org","0","0"
"0xf8e32f81613fd9d96d716418fa4657226394564b","��6DՁ�pk�pS<p","Org","0","0"
"0xf8e1667832f47dc469545d8112dd0e432dc9258e","�aE����)D?WOL","Org","0","0"
"0xf8b25c773089c78b0732b9c9b74da1b02f9f8ee5","��'M=���ބ��","Org","0","0"
"0xf869c8a4d3699e555893102e7d42bf5ac4b8c398","<XK�r��wYTD","Org","0","0"
"0xf84f432c840151b2aeda3241a8dd5aa71e615788","910577129","Org","0","0"
"0xf84b6def9c4c8c531d176242ea924d297bb0a9c6","ņ�#N{����p\r�","Org","0","0"
"0xf811f65e7dd7fb771c1848182dba957982165748","530196483","Org","0","0"
"0xf80a7f050daee114afa8bd89d31494d401e1f97f","*���A�����i8^","Org","0","0"
"0xf7e5304733977bbcda1e5d6b427bb32a3cbffafb","���I�Ѧuڀ���","Org","0","0"
"0xf7e48f61c2af287b7a2c3e3c20976117073463d1","?�KΖ���&�q�","Org","0","0"
"0xf7de48d661eb0c4bb07087575a38dd9f00c19557","�F8�J>���2��C���","Org","0","0"
"0xf7d9974cea0f72ff4802e26619dc9b386685535f","843937145","Org","0","0"
"0xf7c50ea8aee6c40e7e90a50962b2e27585d3cbe8"," �YN�b¯�(�&�","Org","0","0"
"0xf7c475813e6ccc82a43b191f5085265a7b1fcbe2","��x�A����Vl�I���","Org","0","0"
"0xf77e21cac580ff2801e9c63cc9fbe196edf8f2ee","480577661","Org","0","0"
"0xf7738250de9065121e2494aa8d279996486fca65","��.�I-��ƾ���[","Org","0","0"
"0xf770684ec0b9068e57be697f4c4dce0d2fdfbffb","237399839","Org","0","0"
"0xf762e62a7db07c12d760582ec34b81a0ee29b1a8","wJ3Kӯ��f�@��8�","Org","0","0"
"0xf7627f3b5c465c2d276e3bbe995acf5c334aa721","650925102","Org","0","0"
"0xf74c8ef5f6c5713dd73044b6058bac4438399a05","520851555","Org","0","0"
"0xf7338bb44b88e2119aeaf346dcf604807c34ac8e","473591717","Org","0","0"
"0xf73100fde0927255c37c9ac8519ecd5091ce40cb","m�N{���c����i�","Org","0","0"
"0xf72a92ad75cafd67a35a25f697fd909ef9e4d8e4","581318198","Org","0","0"
"0xf715fe0979401754ef711eac91db15938108e168","311796082","Org","0","0"
"0xf7115c763d06f9be5286e443ab4f974a5c7b889c","061063025","Org","0","0"
"0xf70f85249618d1cad4ebf75a7ad1cf5ad9fac8f1","113660564","Org","0","0"
"0xf6dc3a42f39dce34c06d63dae63683800a0c22c5","ǜ\rIB���l'6D �","Org","0","0"
"0xf6cf47d2bc83e18857bd191638fb8a97847c3588","և�F|������v�F ","Org","0","0"
"0xf6b3e4431c0708df4c3215f5bdcccd01d730908f","뱪E@�jԂ2r��(?","Org","0","0"
"0xf69dce915e7cdd52bd6109337f6f2abf1151a000","815348036","Org","0","0"
"0xf691e4ef517e3f727a821e88673b865697f4a10c","^��OU������@?h","Org","0","0"
"0xf6845085410159a149c91761971d439be63108f8","[h�dF��x�t}.��","Org","0","0"
"0xf68305ee44c33a740b009c647e6a78b7ce9c8e67","521720580","Org","0","0"
"0xf6776f3ce793fa35582ab1b18606519041ff8345","521429544","Org","0","0"
"0xf671d1c60bcd99576256ce67f49c28be6588858c","453236734","Org","0","0"
"0xf6559630565423cfeacd1df36d03db3f024cca9a",":`aJM���\rH�_X�","Org","0","0"
"0xf63dc24eb5381e980ee7f5fc98848b6725b4d51c","�+�A��kp�zn��","Org","0","0"
"0xf6356df103cdc3344d5b8b38fec88f3e4b97b69e","���]D�����|P����","Org","0","0"
"0xf5e400c0a8f67a8c92d556df2ba4695c36f7ea7e","831788066","Org","0","0"
"0xf5e063b395be0c55e5107aa589e2caeb1bd6a078","���Na����F*e~","Org","0","0"
"0xf5cb0ac62479ca0ae0aec406e368b3025eecbe0a","941156365","Org","0","0"
"0xf5c211aaa74555aff264f7a4e7b2c6b13c13a82d","521730021","Org","0","0"
"0xf5a5c8d561540d1e6ce050f793669238d42d2b82","!�H�OW���9qoi7","Org","0","0"
"0xf59e6fbff1e0d9051949b26fc60897373936b8c3","830404310","Org","0","0"
"0xf591289e55010d067d9d60484172927d0cb72626","861218871","Org","0","0"
"0xf58f4f6e54b429db24af25fbd873f32b494ee765","null","Fund","0","0"
"0xf569f8b582ee564c679ba1659e9b2c9ee1ac134a","����Fy������p","Org","0","0"
"0xf564b4fb660e4d00c46cc47b2dc6d107841b42a1","H�M�M�(�;�9��'","Org","0","0"
"0xf560716877a8483910fd197b572c4ee5492937f2","231360867","Org","0","0"
"0xf545904b14fe167cb10c2744da568e3575f6ea1c","�\n�G�n�F��*��","Org","0","0"
"0xf5412b9cf40c8fcdb2ba457c3ab27910b3747f7f","953167866","Org","0","0"
"0xf52e3705b1ed1326b802e28d4ec03948ee62a485","��B����#[Ξ5o","Org","0","0"
"0xf5284634cd6b29bed13f374a08f5a06472ccfadc","954425565","Org","0","0"
"0xf51dd075767f0bc36e5bce884bb2ae7512e3e685","���|J����;�","Org","0","0"
"0xf513470e4438daaa3c9f649adca51512650046d3","626045999","Org","0","0"
"0xf504d1299aad5aa775dd4be50a3d87cf85f662e3","874491231","Org","0","0"
"0xf4f9301c536c76c82c8e0a5a12a969b892620718","840571145","Org","0","0"
"0xf4f8ae77c65aa59ad387604de4affc965a920f4f","472756880","Org","0","0"
"0xf4d6351803aaf999bdb6423066a4568f3ac8c273","null","Fund","0","0"
"0xf4ca127302c7ae33694d6d0d6f74545640732de1","200652958","Org","0","0"
"0xf4b2c3399eacd2dd91d72844723d76b2681a015a","760331398","Org","0","0"
"0xf4a073c98ca0ff0ea3544a3a437de98194b6299a","951230865","Org","0","0"
"0xf4932a84faa716cbf7a2862f9336c6d270b3aeef","�3vF����_�[���","Org","0","0"
"0xf487fd10ed3be32c5256203b7344f99b53467d12","��W�K�C����hf�","Org","0","0"
"0xf487ea7eb81093423f93aa2c459113b0919653ad","943362724","Org","0","0"
"0xf4786bbc1f78d66cb7b0b59aa87b4f721d02cf5c","841836441","Org","0","0"
"0xf4738a8d4e71bf620d0e7ff6c11be079c10e7720","135661935","Org","0","0"
"0xf46f99b4c2a3dc433fa9b716fccc492976b82a96","470831276","Org","0","0"
"0xf45e7e5a18b9cb55f566a36a0238fe5339173b48","542048636","Org","0","0"
"0xf4508c71791f79aafcd6f1bd127977742eea7f8b","474137116","Org","0","0"
"0xf44b2fb5031c891614a30c2853bb15b2ef46ddb7","AఓKݍ|�x""����J","Org","0","0"
"0xf44060954447fe7c0e47ad6d4d465b6f86ca1f98","852651335","Org","0","0"
"0xf42fea8f3a2ee0cef1f9bb123a1f0b12d6a5b523","���M����������","Org","0","0"
"0xf4035c7808846ec6ba0f775a43d29837ffd3011a","651054647","Org","10000000000000000","0"
"0xf3fd92b39fe9a392f45fcc441b14b7c2d394dcba","���GW�o�:�A��C","Org","0","0"
"0xf3f4a0351588fa4fc8eb4c5be6f86a13d590f5fc","W��L��w��Qs�","Org","0","0"
"0xf3ec5368806663a23c1e5f8553b79e40e2235554","���F���M���^�","Org","0","0"
"0xf3e9fd0f132cec77c1d54e57eab9fde1331b4b8f","��U�G�\n�uC�m�7�","Org","0","0"
"0xf3e8d04289864dec6a16103444388df2c0fef889","831772542","Org","0","0"
"0xf3d736a40aa1096ba7e7812c18147a02ddf9e2f5","362883000","Org","0","0"
"0xf3d3929d31a415df070f5ba7bdf092bd411c767a","ѱb�K=���M�U���2","Org","0","0"
"0xf3c9d1538f7b792abf81af686ca98e221666179b","464510365","Org","0","0"
"0xf3c42b8c7a4910b481bf64dbdefee1c97ecbf08a","null","Fund","0","0"
"0xf3b179368ead04c8cec6259ca86bee8d8869d3c3","�ȹH`���ڷ,�,�","Org","0","0"
"0xf3ab42b0f9e5926f100d6d91c59b71bb1ae08f44","522183112","Org","0","0"
"0xf3aad17ef35cc448b7c97ed96d974fec895e9536","7`�@)�9�f������","Org","0","0"
"0xf3a68059a118982102887bbb4fc275fa02249188","133843435","Org","0","0"
"0xf3a0b73ba77870da9cbe5af8ff60b6e0b49b2b6c","null","Fund","0","0"
"0xf39f8bbda450372df7e22f97dbefe31c8dfaa361","371578088","Org","0","0"
"0xf3934bb10e55455e5b28ccd07f643189f41eea1d","201350252","Org","0","0"
"0xf3890b902ec034ef7ce3d24e946c5d8162edd586","770119168","Org","0","0"
"0xf387aa90f7686b84d8fbcc24b8d8963073207de8","260521285","Org","0","0"
"0xf37bf8ea2979f60dbbcd975686c3ef9d88b7c4c4","042104396","Org","0","0"
"0xf3623c271be6985dd7facf8a710397ed6101fbd3","��GDw���Ew�@y�","Org","0","0"
"0xf35f5480dba63fe190baecf396e07835bffb61da","�}$G��L��4!.��","Org","0","0"
"0xf346ac4ed8a2f8b281c87fe71aef685e634554b1","/��}M��_찤���","Org","0","0"
"0xf3281abc9b665f6146edd36e2832f5cfe54712b3","454543297","Org","0","0"
"0xf311a9b7e197f4a946fa517814a3d25820c94190","���EI���$�H��","Org","0","0"
"0xf30f11a3adc3035078963e3e9bccabd0f9919e8f","953646269","Org","0","0"
"0xf300162eae71d8dcf0edd27889e91fcf89cdd245","020222111","Org","0","0"
"0xf2e9f9af316abc5c3de67cffb7c065b1e243b163","910673111","Org","0","0"
"0xf2dd8905212ec4f9f6af445ba3e1298734c7bd5d","null","Fund","0","0"
"0xf2d13c6a69398896fb63ad6e1d789e5ed7a70d37","201195592","Org","0","0"
"0xf2cefaf31a1463cec9bf9446d4a80da7e3a4a2ad","136162659","Org","0","0"
"0xf2c49709329d1c0945270ed215f2dbdcf6641b6e","811468439","Org","0","0"
"0xf2c360970c08508b81c60490f2f27e51775ae545","840404239","Org","0","0"
"0xf2a363a6a42f2a33957d1b5100a7a441bffd5aa2","841021059","Org","0","0"
"0xf288afdacfe7991567dc3809473be7821d2cfb50","null","Fund","0","0"
"0xf27ae1cfc70de4379b27637e2a0d92e7a65313c7","��J�O빺�o�<OW�","Org","0","0"
"0xf27432e6a7c17e0326529b338cea46a9614da5f1","530196583","Org","0","0"
"0xf2697b8ded575a13f0e598bd2b1b9d3e7c9afbed","�d[L#�\n��K:d�v","Org","0","0"
"0xf25ba3768af04e700bb563ed59973d65309adae3","860460092","Org","0","0"
"0xf2582747601e9e625f0127fcc8fbad7d6a67547c","943045180","Org","0","0"
"0xf2509acf547f1046201259ae7e375a4e677d71cf","850424026","Org","0","0"
"0xf225adc5939f591a0be44b5e0df0c47fa16f5844","null","Fund","0","0"
"0xf225a9fe88c1807761c7ed1c6f0b64771adccf5e","�U<7H�A�0<��~�","Org","0","0"
"0xf219afe31a0f85906cfa80b7d76e3e848f7943d6","844330363","Org","0","0"
"0xf1e721c8ba30ca3ad11f2e07a2f00206e3106393","133444193","Org","0","0"
"0xf1e06bf7bf0154c54eadb378cb2f84ad7b52454e","null","Fund","0","0"
"0xf1865da82d0051d5044369445c555b13d67a0d7a","522289435","Org","0","0"
"0xf1770ae21db52c97614a894310805fed15124a86","000000000","Org","0","0"
"0xf175792c5bda339943dd9067d4348651f6d8511f","��	�@@����aɂ""��","Org","0","0"
"0xf14f1f03f04edcd75487416fef6fa5693e41a0a7","Ż�@7���]��7�","Org","0","0"
"0xf14cab9007fbf28cd89c7f2dee6713910b0cf8cd","263124969","Org","0","0"
"0xf131450f685b9002241abd67d61ec9e59d8110f6","471349730","Org","0","0"
"0xf12c1704bfca1a8a886647984ec4b9818b47c6f2","464326249","Org","0","0"
"0xf10e79e593df811705c3679b3fd466693420f608","111630821","Org","0","0"
"0xf106905e5112202af24ea1cb6eedc8950a9cfadd","760360533","Org","0","0"
"0xf0d5438d2fe9dd9a72ea0ffae6b28ad116294509","870386717","Org","0","0"
"0xf0af3f4ac7a67dd5cfebdd29ea72d13cb6336db5","161717058","Org","0","0"
"0xf0a011f45eb5642cfe9700a64bd6780be56663c2","null","Fund","0","0"
"0xf099720a235c7059ef3644d1769d4b33a9474b80","592752895","Org","0","0"
"0xf08c803703b5e0a21655d488fdc4107fc2d8db69","��DH�w�!������","Org","0","0"
"0xf085ced87163fe2c07d6a8bc443c05ddea187e39","562293184","Org","0","0"
"0xf083b263e9fd3f0fcba8ba1779392f8359b6e613","null","Fund","0","0"
"0xf08366bec1ac03a011ab0f315a07893897b02be9","141463358","Org","0","0"
"0xf07773c65abb85329ad26ea0bf8db4ef5f5702d5","131685039","Org","0","0"
"0xf06a632bb51d5aed65dd2f97991d6063923e6009","364433410","Org","0","0"
"0xf05fb1db685615f5123be2450b8df5242106b037","LM��Mтg�A��KL�2","Org","0","0"
"0xf04d46f7b6eea4574e134e5abe25409e15062fad","~�	D鄨�hQ�`��p","Org","0","0"
"0xf03c74ed55cded88284f60c4cd33fa603b86a2ae","362423707","Org","0","0"
"0xf030c655f46edd9fa898a60b8da5f7fb55fe4ca3","871368060","Org","0","0"
"0xf01ec2b5b3f6090404d69968beff4bce320c066d","330841281","Org","0","0"
"0xf019047c48aa36236d9588f0fd93c3411babae99","U���Ls�:�Th�p�G�","Org","0","0"
"0xf0035973982f4a4fef0ebbf9bbb5c7d1f8c1bb15","540506431","Org","0","0"
"0xeff5dbc73e63d99067c92ba39b87d5a25ee35a9b","�,VN��9�K�_6:�","Org","0","0"
"0xeff087bf65cca0019d6c2ef58cd62e2d705d17a9","843427442","Org","0","0"
"0xefdeaec56f1c59f55edb0182123a8c677a57c791","853332122","Org","0","0"
"0xefde8cbf1c2492e0dd8234aa459db164c893105a","\��F��9�Ęg�u�","Org","0","0"
"0xefba35e21f3779a8ed6d1759815a559444aac6f4","461922803","Org","0","0"
"0xefb45b43f24a896ddbf1ec9c0d1f0a823371386f","471190348","Org","0","0"
"0xefadf763b47b2952b91b3b65782b34d9830a57bf","841166148","Org","0","0"
"0xef98d6f8964e331d6ce58af1882598978a6f0d6b","�)~�J��%���3����","Org","0","0"
"0xef934624606747418476e217c46d642a84daaa6b","�[@Kż��?�n5�X�","Org","0","0"
"0xef91db192ee00096446ca05be065c4d7e464de7c","�{�J���J�2G-��","Org","0","0"
"0xef8c371086c9cf8f4877a37127ea503d8fe01607","811005691","Org","0","0"
"0xef75cad16d1076f6658b23e86b200929049ed2e5","561803808","Org","0","0"
"0xef5fa0ca6813a6fd3c61e99e9cd1cbae9a8b5f35","941730465","Org","0","0"
"0xef3c438393e20d00ed343971d830f102c0070b88","510538978","Org","0","0"
"0xef2be9ff01d85c7872f8e7bd53742bebb7f7a385","941230999","Org","0","0"
"0xef1f1e0f45e51a58cb927e4090c0231a9fc21804","203916750","Org","0","0"
"0xef17996904747f25b5c91cbb1d1bf31a4da5a0bc","910724638","Org","0","0"
"0xeeea980c6502a85c3a8901e2bc5acfce7719f898","��dE+�y�+C=W�","Org","0","0"
"0xeebf7f94a0956744b524dc5d08e43c7ccecdf2a3","530196584","Org","0","0"
"0xeeb983ffc758361ac04c78946c96f125925cec3d","660202913","Org","0","0"
"0xeeb36434e3ca8e6c549eae582ca785a52f246d35","null","Fund","0","0"
"0xeea79a70fdfdc29af2aa70bdbe0a48fc23edb3a2","250325750","Org","0","0"
"0xee9ab8cc1baffeeb3892c57cf3e7366816ac9824","���Mx���9U��e+","Org","0","0"
"0xee9a804d2418c570b20718a7d796d81ccbb648cc","260323282","Org","0","0"
"0xee9a20972df62ca60a4c512b254b62319d2b345b","271350279","Org","0","0"
"0xee99f720c2a60e59bd6044b02da2c9ab6c5ddb30","460495428","Org","0","0"
"0xee88ea1b82a1aa23cd628d57d9adeeff4efce6e0","r {�H����t��X�","Org","0","0"
"0xee8553814580c3c35e751c9d05a0fa7b5bcc6d2c","c�ɟD����8���","Org","0","0"
"0xee6e9f57dd51d96565e1adeefbf1807c302bdebd","042103547","Org","0","0"
"0xee605d548d6856287f876d721fddb2f8d26d7d30","811951756","Org","0","0"
"0xee4ea5a85fcec4acede0f97db95b90694283609f","}���C�����;ً�","Org","0","0"
"0xee4978fb52057e8c4a40be0e7a85d1db972923f4","���A����$�3N�","Org","0","0"
"0xee38507e9e1614ea5b15709ad6ba400c9fcd4b6b","260699998","Org","0","0"
"0xee1aaa022920783f65995ef4a22cf2d52a025b13","202336497","Org","0","0"
"0xee15a89d33b1841973267ef0ee4ecd57d2ec65cf","590830840","Org","0","0"
"0xee076d3ff22e3062301c67fe6f5f02aeb80ccee0","132655731","Org","0","0"
"0xedbbf895ba518b3f4348b3e33b54eddbb046a45e","�f��J����7%|�n�","Org","0","0"
"0xedac8dc1e7d6ac3e8d6a0c7f09f814b187eea255","237098123","Org","0","0"
"0xed9ea223150aa041affccd48e69693d83a09590d","��&�E̫S�]�<+(�","Org","0","0"
"0xed781f01898b0dc0df29935a5b0295f968dcfba0","060862072","Org","0","0"
"0xed6b20c090c02796120e1ff4fafb1a2e5dac4835","452575814","Org","0","0"
"0xed49c08451b2828d22a0d0479b258f3ea6f0d4bf","272860095","Org","0","0"
"0xed45b3d47abe7426f216fff836d2bbd74311c71d","320017520","Org","0","0"
"0xed402c6047788c5c10da91ef2c9803c49865de0e","814948723","Org","0","0"
"0xed21752be8da71012349f0c2d943b01de9079b06","300716191","Org","0","0"
"0xed20bb7c66aa2e7689d2b9a685fb1696c9aedce1","752813621","Org","0","0"
"0xed1f1aa34ebf033c946ecb6f5d6ae640f227562e","XY""@�K�G9�(�","Org","0","0"
"0xeceeb24ff25b0bbd0d353b6c85c9e2f11302b100","743011051","Org","0","0"
"0xecd63c730ad2558d1a60ed02d8be90d6fe1c6a03","m�m-O����j�dE�_�","Org","0","0"
"0xecceaed5be9cb715dca7abd2a14924f6bb42efb7","741613878","Org","0","0"
"0xecc7882dda70a34b0e4675b4218f930a09b7187b","364636718","Org","0","0"
"0xecc54847cf3813b3ffc96a269ab7cdae50d00a47","260264027","Org","0","0"
"0xecbf816db2d7843337f7c1884621d0676ddd7a86","null","Fund","0","0"
"0xeca2d7da6f994954fdd37a660a2a02f050e3487a","946090626","Org","0","0"
"0xec9dee9742ef9ddc1005c7cd5cc5ed665597ce3a","1iC�Ig�.����f��","Org","0","0"
"0xec848bdef296937cc94129c67b09323ac2045dcc","710810999","Org","0","0"
"0xec8190a5a58c79fd07c1b749df11c29dfe1d26b7","205404353","Org","0","0"
"0xec802a46b1e089f6e6e53f39c74dbdab8a122fdd","�:m�E����f���`","Org","0","0"
"0xec5d4c503de35d2e77aa23434bd4d369d1c63016","134037622","Org","0","0"
"0xec4e854653a8fd2a398cd46f19fb84a462d7acaa","204160737","Org","0","0"
"0xec4c958d92af2aa2602c25be5ff0bc7d93cf03eb","d��{D�<�rB`�0�=","Org","0","0"
"0xec422bddc0d620ebb587150de2c21223dc5742de","274638772","Org","0","0"
"0xec36ff9d67ae2711351b679eebba6c8460bf57f3","521488711","Org","0","0"
"0xec33e752010eb3ee8ebbb6160808ebb147a08d61","��CZ��&ݲ","Org","0","0"
"0xec321d746a4666e60c70e291d74cb7b224d042bb","530235320","Org","0","0"
"0xec30aa6fe28089b893398dca83ab7dea0024ca6f","310896555","Org","0","0"
"0xec2a99c1e1d423e8933060392549ec76c8b5d9aa","null","Fund","0","0"
"0xec1ca9b30ffd55dd5865bfb7dcf9dde0bed2c511","463564818","Org","0","0"
"0xec1ab7cc661260fdb7059dda1513a388e137f21b","581927695","Org","0","0"
"0xebf59b04111a45a1f9738e23197a8b39b4348d7f","����N9�b���+>�","Org","0","0"
"0xebf42f3d456110fe36c4befb6b14144f4369e2a9","860255257","Org","0","0"
"0xebf2a7a6109d34cdaa6d8dcafa882931acc5ad56","823843989","Org","0","0"
"0xebe2b4fe21eb574f136fee2733062d5ad768c3df","831431959","Org","0","0"
"0xeb9ae3c59a7d2575a2ab739a59bf6bd3bbd4231e","883442332","Org","0","0"
"0xeb909d1fdd2acbdcba320918ea657a4b133e0bb3","�Jb�D���\n���=*�","Org","0","0"
"0xeb82087170273e4e788608d593ca378eddf80552","7�JPO<����Y~��2�","Org","0","0"
"0xeb715235c0f4c866d29ffabd6877ee332c74605a","261965495","Org","0","0"
"0xeb6d03641c8d4a9ea37da336451f9c552f52472b","910880684","Org","0","0"
"0xeb5b1bde3864ba6d6c911264a958958b322be7b5","MҔ.HÙW�D�~�h","Org","0","0"
"0xeb45b18fcbe5405ba122997e3d6f8a769402dc7f","821333242","Org","0","0"
"0xeb3e2783caf70b8a09795d990c67a1573aafe0a0","իd]MM�c�ݕ�'��","Org","0","0"
"0xeb28f5559ac1be0f1a6873565b3a02e2e2baccb8","΅�	H�f�r��D&","Org","0","0"
"0xeb23701bfca6482a154452fe2f35267c1f010f5e","���/A7��u��ÉhS","Org","0","0"
"0xeb1dd6b65527e52a5c6b0a5454f875b59e83fe1a","l�MߨMƣ�9��%�","Org","0","0"
"0xeb07e00d55ac2949cf585aaa6346da0bafa162a3","824027046","Org","0","0"
"0xead7361965a991a073bba23bb068cd346871173b","133056357","Org","0","0"
"0xead0c23ba20b249c0b46802fafce46a4d9460f9a","391916194","Org","0","0"
"0xeace64087c3ae2e1c3549962970be0736bdc2ea6","ٖ��BƵ9��r�ڇ��","Org","0","0"
"0xeac7d24e3dc1beaa2365ca3cb1c3bc5d7ea654a0","��9�G>�b���&���","Org","0","0"
"0xeaba695e7918d6e26446f8ff7bb8c2b12e97503d","881062186","Org","0","0"
"0xeab89d0461c816c1c48b2b8b568dd65aef4a0dac","111666852","Org","0","0"
"0xea9aae35e2d377550ec05517af4ca4cbe7d01a51","null","Fund","0","0"
"0xea9a806913c181dd471af14b01441cb0f634b949","���Ac�*歱""�aP�","Org","0","0"
"0xea975ad429333b7dcd027615aadb88b537e69124","��U�A�""ڭyn�|�","Org","0","0"
"0xea8ebd29c259f2ce2e20c7b276131b4a0540896e","&��D������=h�","Org","0","0"
"0xea7a2968caa053dc5232b6f14eb4e4c4651d6d1e","344434678","Org","0","0"
"0xea72b1893960af52efa4f683d3be6315d9d71b83","222473000","Org","0","0"
"0xea62517bdbaa3861e063dcceca98c084437ae4d9","452752227","Org","0","0"
"0xea5e473a711636c54f53db7ab009ee56214258f9","814075028","Org","0","0"
"0xea4cd22b66e8130db79c57258420cb3e3c5dfec7","!��,D=�3�Z\��>#�","Org","0","0"
"0xea222ff14485ff5dff8f19e40d6433f5355917ab","651075409","Org","0","0"
"0xea190f697f8325c4f6f2ac2b09021cf251a60750","&gNHBU�������","Org","0","0"
"0xea0eb4a40b1e1d8502920165961c30ddaaf03d72","1%�IӃ�� �+J�#","Org","0","0"
"0xea07a9f7ffe44842cc6a8e2c608a9f6ab1853c95","833901701","Org","0","0"
"0xe9f3134a39c326ec4dcb03273495bfd22cb0b95c","����O����\��e��","Org","0","0"
"0xe9e577475ab677b254f2560d411c9743f13885fe","330965889","Org","0","0"
"0xe9db1c61d81da3041fbf61a3633ce967ae97f327","133179546","Org","0","0"
"0xe9c8af38c7f1f30732f64ab073adb3deaa33b2d3","u�6Ak��TZdCJ","Org","0","0"
"0xe9c07b96681f278d29472e91f43bfbab32a9dc77","873061395","Org","0","0"
"0xe9bec477b09469bc0264c34c3b10fb6b20702281","202669700","Org","0","0"
"0xe9b6756bee8c0d39ac55c10d681c232bcf6b81cf","s���E,����ݡ��","Org","0","0"
"0xe985d036f0448a2fb4bf9a116cb96801e08162fa","043762842","Org","0","0"
"0xe9825befee700459d8244959ef280c4b4a0759d2","null","Fund","0","0"
"0xe93b7c09b9be0d03ba2819cf5817a7f1ae26e1fb","]�SOD��^ȍ.��k�","Org","0","0"
"0xe90b5a75a2050c084bdc66c77ab276acf199f42a","M�PLq���:)�5��","Org","0","0"
"0xe904b04960be44bbf12062650a8e29959908a166","%���Dw����<�0*oq","Org","0","0"
"0xe8f9d70241c7c47d23dd9fdcb01536b3903bec92","521766126","Org","0","0"
"0xe8eb2d4e2c85ccea48a1a9c235b82a023b8e856d","272992818","Org","0","0"
"0xe8e993e4c34b11b425525bacc1b31391f855b9fe","471011566","Org","0","0"
"0xe8be7f4a9c99d9df3b19e1bc71a2d521e48edd9f","731556664","Org","0","0"
"0xe8aeda0022ed887fccdb96ed31579a1bf790aafd","812163243","Org","0","0"
"0xe896aeb98298f76cf431f393bd493712ea88ff76","521114375","Org","0","0"
"0xe884b17af341b83c418d4a67ced80054660d4e49","472981893","Org","0","0"
"0xe8819e057ade321365e980a1c203f7b3697306d1","133384027","Org","0","0"
"0xe87a02d8711b30706061c6f2e4b47740ddd424c2","742373217","Org","0","0"
"0xe877f8a380d1f2fabe245c79cbe926661a77a3db","223894982","Org","0","0"
"0xe86a54fd2310b774591587a9a165600d3798957f","*��Mӻ	��E�I[�","Org","0","0"
"0xe85cd347f2bd46355862e8c930c0453291f1cd36","}Dv�F�.���d��:","Org","0","0"
"0xe849cecf87f23e367ff36899578ca2c4bb366ea4","�%�E#�������S","Org","0","0"
"0xe8496434cbe0938ec0957359b777916283920c8e","850295444","Org","0","0"
"0xe8304b1bc607268ea33b542a0b51207849f6bba7","&�=J���SG\n7$�","Org","0","0"
"0xe81784918fed2f542f686e01daf88940c54c1f99","null","Fund","0","0"
"0xe812aa05d2a29c48b8325df91d8fe5f1e88fed04","7s��N��!���*-","Org","0","0"
"0xe80fa3a8cc25e704c09a3e51075dce95cfbe84f0","862104143","Org","0","0"
"0xe8039967c82e1036851e23a6d2f30a7115557976","831901382","Org","0","0"
"0xe801d86121af2db0472210492a0ac9a895966cfc","null","Fund","0","0"
"0xe7fe9bbc87314b82ca81ce0bf0420d475b28654f","300533750","Org","0","0"
"0xe7eda4e8fbdedaa8c1020d987421ab87f7145565","521825483","Org","0","0"
"0xe7eb18017aca4952fc17e69b442baa1a6ba0e15b","��.3L��\�ޘz�?Q�","Org","0","0"
"0xe7dbf390a4424c369ad0c3e9e6c652b8e2ea0e2a","null","Fund","0","0"
"0xe7c0e57d52c4a5f12eb997944ea3493f92e2592d","4�oAի���M�4��","Org","0","0"
"0xe7c01f225f1aa890f02f1d71ae986f5c701559ec","812029807","Org","0","0"
"0xe7afa6c8d7a3d22d8fc7236415851d12034b5391","IɪLś��` ��bU","Org","0","0"
"0xe7a1955aaa315de427b62eb8a6a701c278809ae0","133662917","Org","0","0"
"0xe7a0fb3e03bcf8c54864b0e63f27840d1fff9f80","H�eI^���]ͻ���","Org","0","0"
"0xe77a074e7976d3a8a195416280c423b543469033","371222958","Org","0","0"
"0xe771a3f4106358995fd3b2d9ad9b6a2f2afedb80","931216297","Org","0","0"
"0xe767f9b6f83e458e00f7b05957badba2bacdf16f","474992249","Org","0","0"
"0xe7613426f44f1830a6010e46fad38a02719ee2fd","710926873","Org","0","0"
"0xe7500ba7606d7641f419048010a41c6ca87ee42e","351856776","Org","0","0"
"0xe74f662ae0213ab1ed7feeb13d5122bb63e70289","930705593","Org","0","0"
"0xe74e9466aa47f440c4a2de71fe540efc4bbe6afa","720635884","Org","0","0"
"0xe72a84e029a096efe0884747dbc4a47629ce1a7f","A���C̑}�;���fv","Org","0","0"
"0xe7249804287222caf004dffd0b6215f6a567e0ae","800512695","Org","0","0"
"0xe722e0dea1f7b789dd493152b02482472b48c3a5","311562134","Org","0","0"
"0xe721deb06deb279f5f7cdc501b3e16acf1c56107","371564663","Org","0","0"
"0xe720ee1fb2a6592374ff44d1dd2d4a37f2beb894","xWQ�A9�	�16��v""u","Org","0","0"
"0xe714775043f5bed92ac231d77b81be97fa0a29d0","680235003","Org","0","0"
"0xe7065032b45d13393436d597977fe0edf6f241da","�h��N9�)����x","Org","0","0"
"0xe6f11e95150c594ec57275e538719364319e069a","311173550","Org","0","0"
"0xe6d6e2130615753d9d88cf61a35555328d4a3a87","=�}�IS�9�F�bd�","Org","0","0"
"0xe6bf1eb42b20a05f951be1b97c08bd2228efefd5","C���G����L�	i","Org","0","0"
"0xe6baa2bcc40a7319bf82a9db6f287ec452f8e9ee","VL��*�Ne�,","Org","0","0"
"0xe6b4ad5b84e1aa70453eded85ef0684880f71fbc","��\rO[���k����wr","Org","0","0"
"0xe6b0b00c8f4e44d1b478185dc01b12a82a434b83","133554791","Org","0","0"
"0xe6a80cb21beb9b67cf8d5f0760cce8cf44f531f6","����M;������%�Tj","Org","0","0"
"0xe6a642ba7a03262c97bd10b1e1c2696704f2b0b8","823697648","Org","0","0"
"0xe6a508ee703accd8684a3b343e2655ff1effd481","r�j:H���<�5ғml","Org","0","0"
"0xe692b56360a1d4e6db0a1ff31141ac15f4f99bac","760411778","Org","0","0"
"0xe6929af4ab88f642172687f6a7e7e52c66c7195e","611028724","Org","0","0"
"0xe6894343460a2f1b6a002904e309b66aa6ab1825","237454799","Org","0","0"
"0xe66fb71503e1a803a4b4257733b23c1df51f465c","362435086","Org","0","0"
"0xe66d73f7ed573eca620f9ef222349e1b36ef8fdb","371449493","Org","0","0"
"0xe6420f467a6a9f227c32b98719a9169711af4a18","362952894","Org","0","0"
"0xe62d95b494c52d7673ceeb5a964d5531bc04e3e5","451329518","Org","0","0"
"0xe6107098b1022ab5e84f15255e9e672329870992","060983819","Org","0","0"
"0xe5fab38b97d13ca311c0145f90f22628bccf5b41","��S�Ea����A�-��","Org","0","0"
"0xe5f123750fcea2d82b1441048f1a431fdd3d2dc1","200049703","Org","0","0"
"0xe5e6681f4eee26019fea569ad751410cf4c99a80","223936753","Org","0","0"
"0xe5e4d8e9a6399f2dca1b90f6a07275e85e0017ab","273657002","Org","0","0"
"0xe5d9912052e8ab447e32854f981d368880d905fb","843025239","Org","0","0"
"0xe5cf7b74b4abb142fdda9e31494a2953cb3ae282","811747993","Org","0","0"
"0xe5c32d08b773fa1cd1e7a78843091a746ac82711","V�&A��g�~�\n���","Org","0","0"
"0xe5bfc99c7daa1d16d7f1bcf22496cb13b732b58d","null","Fund","0","0"
"0xe5b0e80591a006084ca8b74e14d02877c5780791","��FIف��8{�(�3","Org","0","0"
"0xe5a420fbf1ec8f0c434d5edbad2fd05776071a95","822591244","Org","0","0"
"0xe58478be0faa4baeca9e9b6bde18e1300055b483","812956324","Org","0","0"
"0xe57df28fee3dbe7418602f057f84eefe2898aef2","522068483","Org","0","0"
"0xe56af6e7a025f469881fa53044a2d3fb03bb07d5","222708420","Org","0","0"
"0xe55c88566e0033f4f9da062cd5097929c035cce3","7+��A�������a","Org","0","0"
"0xe53be081f056e93f221434f31fe738bf4323b481","416110005","Org","0","0"
"0xe523e63767380a63d0b35c931c6a651767b110b8","7U'{HN�l�M��M","Org","0","0"
"0xe51e6ee7e72bca44f7f578c979fc5e8c805a361e","^7��L����]�5����","Org","0","0"
"0xe5178aedd3de4018249c9ce9b3db8f88b4a6f4b8","042430091","Org","0","0"
"0xe4e7436b9f4474a0d29ae26de9d12cdd5ad905e5","null","Fund","0","0"
"0xe4e6a5180c39b888cd69467443b472d730946499","202329938","Org","0","0"
"0xe4e350c2ba5734b67519c92dcd3c26982ab4a58e","�U�Ds���0X�U��9","Org","0","0"
"0xe4c9061e1ee1fbc2189a1cb0af09df056b0ed961","|��K4���JS�SN�","Org","0","0"
"0xe4bf95a436d971c8846ed0a9de3d70d83b23313d","272918478","Org","0","0"
"0xe4baa00671db04602d9272fcbf8ce695446861a2","āǲNM���W�(ВY","Org","0","0"
"0xe4b9aabf44e01d61b152fcc62a93e1c314e2977d","363043662","Org","0","0"
"0xe4b535e981f4c4d83c5efcd31727724bb6a0806c","463061287","Org","0","0"
"0xe49d39af1f7e2c52321b7d5aed962e9619abd227","��C/Bֳ@�Hk�h�","Org","0","0"
"0xe4217f693ef438b8ad17a79431fb706ceca6f07c","116036310","Org","0","0"
"0xe41a838d922c8e676c38d273c13496da8a1003c7","��%�HT���ڙ��3.","Org","0","0"
"0xe410ffdde00d575db516841b5c835b9925b64591","750858360","Org","0","0"
"0xe40e1e50479f7dab9c29ffc05309c73954fdf2b5","941241309","Org","0","0"
"0xe403b45eb793073e0111687ca03b92ab7a1e277e","521361974","Org","0","0"
"0xe3ffc826e3a1c4b16f57820d2bb6dd347445c4c3","742956081","Org","0","0"
"0xe3fd865ec14c4f5037873c3742db73fa5f96399b","250965466","Org","0","0"
"0xe3e46c99182011dfef095468116e2322d469d687","300728021","Org","0","0"
"0xe3e341befa11d946721e6e16cce30567a465133a","941279785","Org","0","0"
"0xe3dfb72d93cd087bc15a0eb76be8179fca27d7b8","ƺ#C���$���P��","Org","0","0"
"0xe3ddea7d392c9bd8eeb3276229d9d66b3c1dc4dd","�#ًCJ���ς���F","Org","0","0"
"0xe3d1c4dd31ee3ea941c209d7a9ade9fddb88bb1f","521986104","Org","0","0"
"0xe3d1aba50529c5028c42f466d22400e46cc164e7","131692595","Org","0","0"
"0xe3ce5707061721b190d505993ac7bb7fdd56c9b6","܀�MJϨt���1n)�a","Org","0","0"
"0xe3c497032798087dcf38c5d84bb6c1b1e29252dc","475554278","Org","0","0"
"0xe3c289f1508547760e32363a047ab37cb94acb13","742195558","Org","0","0"
"0xe3c06b3855618770690d2a81bb56c8bd40ed2df1","440605610","Org","0","0"
"0xe3ab6491f6aab0e69bb3be8b53cf024418fce8bf","ɹ�$Ji��᷈���Ml","Org","0","0"
"0xe3a6b10db17914768a8dc5c3cb5230c2b93d6126","null","Fund","0","0"
"0xe3a27a09caa4c2400c2d55ba8dd888fbd7bdfc79","821822204","Org","0","0"
"0xe396d38f4844ba6f1d3616e56b7c62280b939d72","237275283","Org","0","0"
"0xe3810f9064868474b289cc37cdf226e145c280bc","134141945","Org","0","0"
"0xe37f48c65d5cd8263897b7086f124d7af9c95d0f","DR�""L׬��X��X�","Org","0","0"
"0xe3731cdcc1014c08f2e445b10a59b7879e9ff0a8","null","Fund","0","0"
"0xe35c9f50e24f9bca251b98abf5ae4a780a43c502","591385724","Org","0","0"
"0xe35b273ae3ac04c87d8ed99cd8932f7480f10112","261117569","Org","0","0"
"0xe33df60f9c60ed8ab78cc8867a18608741077daa","320077563","Org","0","0"
"0xe336803332b8484c0e49c6f8ad23fe49c6633d5d","��A�Au���)W�x�f�","Org","0","0"
"0xe334f006e27c7dba08cc3f6e0947ecaa4f70c831","202899240","Org","0","0"
"0xe32c0cfcd146f676cffc25a62b74ecfa8e516f6e","�K�\rNs���F��$	��","Org","0","0"
"0xe3109b12e6310c96a5119ece50041f70131407a9","?�K~����nu.�V","Org","0","0"
"0xe3059473f6a9707835391be2d4c2da77a1b79c4d","275281758","Org","0","0"
"0xe3021fbac1843b1f0c16daf7e4b5ec6b0ce0e8ee","710525252","Org","0","0"
"0xe301cce56168a4d5b1fa0ec65c9335f4f42b35d9","null","Fund","0","0"
"0xe2fe7b1efae72bb29b29ac82d94a20ad3ecd4736","YUv�MS�K����rs��","Org","0","0"
"0xe2f59d7a147324b80a7e77b8bee118a99f59c80b","271933460","Org","0","0"
"0xe2cf8a6a27a138dc7fa917143ff2d396f0bbc12e","��*XJ/���ah�IJ^N","Org","0","0"
"0xe2cbe1df25339a9db7568e024aff563307071373","=ҒL5�.�[T���","Org","0","0"
"0xe2ca74747b9e7847212b5108cec1ccad01085978","���ZMv���<�Zmfa&","Org","0","0"
"0xe2c74e226695586954521821c05fc1c74bec2a57","�.�fE��]�̳���7o","Org","0","0"
"0xe2c2bda4f52973c72f5facdc73bffebbd992c14a","741587880","Org","0","0"
"0xe2b6a36a58f9f8142c2ebe9e560faa31bab2d1a9","851407574","Org","0","0"
"0xe27ebfd18022e8f340ff92704e08f92c92c0326b","�ˑ@e��ٕ-ovE��","Org","0","0"
"0xe273fcbd42f512b00863297ef53941343486c8c7","203971209","Org","0","0"
"0xe2699ed018658178db20f6f17de36ef612d04c47","954781600","Org","0","0"
"0xe267f46cf5f20c680b955feafc46e8b77c04ee61","953147421","Org","0","0"
"0xe25aa505b67d6b1e1a1cb09177fcfa8eb3228d71","���K8����_y���A","Org","0","0"
"0xe2380133d585324fe5d0c8ff3f2df74ae7234e27","760242186","Org","0","0"
"0xe2140253bfc8c05330e78b8dfda018a9a1f6b976","831200789","Org","0","0"
"0xe2053f57975fe5662ccb2be4577c745ea756f0b4","��%�Nݘ:䰡���c�","Org","0","0"
"0xe1f6c616b216d09b02351af829eb07b9edf6f4a3","q���E����+Z\ns","Org","0","0"
"0xe1eea75b437d16c252f7499f341c929c165d3920","8�N�B����Y�NO","Org","0","0"
"0xe1e04b5b2b8aa2e7a5fa01992949da99532a8dce","060646687","Org","0","0"
"0xe1895bf468627349a4f8815c450dd0328744d28a","474070270","Org","0","0"
"0xe18720b9a9a1aa3b52fd634fbd34fd032254d201","510401308","Org","2017800000000000000","0"
"0xe16e8ef3ba910ccb58d4b0163d0f1eb2ce053805","null","Fund","0","0"
"0xe168568976f6dec043f9ca75f7df35ff0bbdd086","300490850","Org","0","0"
"0xe14d64e33e006bfb3927def8ebd53a2e5e649117","�,�{MX���=W/�H","Org","0","0"
"0xe12229203048ef31d6bad4879e9719f663f77030","854223098","Org","0","0"
"0xe11c93708f20027282b151f704d6922e452b77d4","943242767","Org","0","0"
"0xe1170f0e8ed0bd45121375b0aa8bb4534cfd1900","161154397","Org","0","0"
"0xe105950b7415d66216973dd3a72a06823a3e7223","461384815","Org","0","0"
"0xe0e356abbad1637a4ab2bab228d4b433771c0771","061563232","Org","0","0"
"0xe0e34d4b57cb66201ef04b2fb6cbd089661dec89","542115054","Org","0","0"
"0xe0d2748392374d73c85843a6a9f6056694af3b05","113048002","Org","0","0"
"0xe0ce6d591c2361aa9c97daf372539f8358e948b9","272417202","Org","0","0"
"0xe0c4e3e703c3295d1cba70fe9285762b326d3102","��WA����h�̀�","Org","0","0"
"0xe090c1efd50079f52277fa1bece980f29d4e43f1","�_�iN��D馊��5�","Org","0","0"
"0xe08b0595370d6c0110382afcfb1769b7b86fcdd1","�]W�F��<�}���[�","Org","0","0"
"0xe08ab1bb66de23ac673bd0c95f9c812d425df9f2","204611212","Org","0","0"
"0xe0472a69ca9c8b0ec97512516b77ea321a11497b","856000484","Org","0","0"
"0xe045b5411376be7f17ce08815e03f87de93d3343","237153876","Org","0","0"
"0xe036eb7363441931dd7dcb3ba1dedd9871300dbc","300108469","Org","0","0"
"0xe0325280aedeb5813837f353a58785d3af365dcb","953802159","Org","0","0"
"0xe01cbc4cd1902628ed2672a02319e63d0eed833f","953949646","Org","0","0"
"0xe01317b6d4e3973a142f83d73d8f531aa85aff52","null","Fund","0","0"
"0xe00fc1c2cc4966b9b5dc3dcc1c2b373381d77605","null","Fund","0","0"
"0xe0008f786bf1971d1dcd90524b21c516136cc7d3","�f�D��}�,�l��","Org","0","0"
"0xdffbc46fb3134dfb0c7bc2a8884560d38cde40af","952850121","Org","0","0"
"0xdff006f282e099fb88e5aaba4a4782774e7684c7","201687786","Org","0","0"
"0xdfc6c1ebfff21b34a5abb895881962830ac9ea1d","201822172","Org","0","0"
"0xdfc43851e4e1338cba544fefcf234a785243f718","870841342","Org","0","0"
"0xdfbe09ab8b2dae7d82e20af9122dc17615aad9f5","411814223","Org","0","0"
"0xdfa154dfe3b1467ddd05c9b74ac1e8b70862902a","�C��F��<��u�Rk�","Org","0","0"
"0xdf7b0311bdc2b250811212f81cfffe2d0a299559","473067617","Org","0","0"
"0xdf75a5160660c1d515f508ef834e58b290cfc834","383653476","Org","0","0"
"0xdf714738782dea68bda0a03202614f5535a7fb9e","951643344","Org","0","0"
"0xdf6edfa4922d694dffa38b4f780c84c7232a6e02","null","Fund","0","0"
"0xdf553af55fdc4528b215eec2aabbff9a1ef363a7","3��@p�5����4""","Org","0","0"
"0xdf23ab373ab662409ebcd09e85a6ad81da8e334c","��bC�0���v��","Org","0","0"
"0xdf12fe76e5262a59b07e40d8d69957cb6b79f0c5","��8Jʟ���9d�h��","Org","0","0"
"0xdf0c6f24d37eea7b398efa2af7da104dc4e7b9a2","824662347","Org","0","0"
"0xdf0150f119373f4fcdb7421b25a660eec97acc3e","�x�@�����oRu��0","Org","0","0"
"0xdeff3208b224c782fbb76de4b62a81a5f73b4da9","��a�O����}vқRA","Org","0","0"
"0xdef3f7548a789da782a4868d86e5d6c5dacbd4a2","��X�AB�J���(^��","Org","0","0"
"0xdee33755f5a511f23da14eea910247b2902b3222","811401967","Org","0","0"
"0xded57d7a8de563fa4f4f8abe846131be2ec26c84","943146280","Org","0","0"
"0xde7d7b4ff231f99c1fef45b0ff808938e6954e0d","942538615","Org","0","0"
"0xde780db759c2af25dcfb1a413f4771b2db288496","FքPO��\r��9�c�5X","Org","0","0"
"0xde5722b5df8cffd3af87f50f0bace4b0f3122225","null","Fund","0","0"
"0xde33b0d501e9b259dcd3c331ab18883a26528bde","Z&�@����2���!Z","Org","0","0"
"0xde330ad8521935c6f59e54b4d0d7906063baec09","943453606","Org","0","0"
"0xde2c97ea6f7fc2d7915dcacbb8c9ea48e177ed1c","660843373","Org","0","0"
"0xde27bb7b4dd3bb8cd7e61489d05725bc1b665422","/���G7�w�`�u��ͧ","Org","0","0"
"0xde1c4fffaf28982301c083205272c3dc14d9d260","941156846","Org","0","0"
"0xde0d5dd222cf9d6424f4d54c60e117e888513f5f",">�*Lm���3t���1�","Org","0","0"
"0xde0a93a32ed1fa59ebef51bba8513217b6f39365","�G��G����������","Org","0","0"
"0xdde965b7b0232a24081a47df791846467aa9388e","���Ih��ګ��oҊ3","Org","0","0"
"0xddd9cab5d14c801b3c5a879ed7ca1f6966e59ac0","����JK�k�T�JI�p","Org","0","0"
"0xddc73971b06547031ae7525841b7922d41e69ce4","871280580","Org","0","0"
"0xddbc41931f5aa1014501240b66ea622aff236bf0","205970211","Org","0","0"
"0xddb3400826945f1c567736807d008db73d4c959c","951644037","Org","0","0"
"0xddb32819580bc2f731a6c21be38b76ac463d5bb9","846049811","Org","0","0"
"0xddaaaaa229881cc3d3ab8e48e969dd5da07160e0","953938009","Org","0","0"
"0xdda8e88f2ad3f55a2dbeb2fce3e52d6e3469c938","�iҮH��Q����b�","Org","0","0"
"0xdd88f0fe88e29ae8275919092615062188100fa3","472642808","Org","0","0"
"0xdd8019ce7dec78b79ba70c097a541c57564d2988","880692446","Org","0","0"
"0xdd7b1be961fe380e3b32c0a8431555a948a5ce25","650427215","Org","0","0"
"0xdd78a5b76ac1c45c527e7cc266906f80b26f8099","237087997","Org","0","0"
"0xdd6e2c4eafc0d38b469871524f3ccf0c35660d3f","832787844","Org","0","0"
"0xdd63e554ff0941cc29f25b2e44ecda574932845e","261809669","Org","0","0"
"0xdd4e84eaed686fc1ef75dd12a42619d89add577b","�.�E>�:ÿ�R�Ŗw","Org","0","0"
"0xdd4771500c014264db623c0410947817662e6fed","J�^�@ֽ�����_���","Org","0","0"
"0xdd3f399888507e5ecb5232f58cb279c8519c71e6",",�mM̝��+���4�","Org","0","0"
"0xdd3997856f8c011aaba6a42fc610a772de4ccace","853336543","Org","0","0"
"0xdd27d84dcfc297133739a4af903aebb235ab5554","Dv!�L��������N[�","Org","0","0"
"0xdd205c11718586f3eb907ec8136b5db2007cfef4","�eXxF$���q�����","Org","0","0"
"0xdd0f9bb8e6f5442b793c20daf41336069749c576","Q�`�O4����-nǯ�","Org","0","0"
"0xdd05e1321bba652029e386262b7c31c524423175","821089167","Org","0","0"
"0xdd0516c999c73b333eac750f57647b465f561007","453767621","Org","0","0"
"0xdcff6fe21bc289532f435023e19c039740527d7a","b�d�FӴ�R\��H","Org","0","0"
"0xdcfc56b7fdf40872c0e958aa96071bf8504c045e","391969122","Org","0","0"
"0xdcd21d35003c0e38343953c1fa3509fe4202c763","050395601","Org","0","0"
"0xdcd13268785884bfcebf47b7e46f34ae19552813","850723491","Org","0","0"
"0xdcc0590e879972073f2d521334911f1f08a6cc7b","813011131","Org","0","0"
"0xdcb12074f3eb32173e47ebd831f46c722d4fcfb2","530196517","Org","0","0"
"0xdca807ab2c6b5ebe852d03b7804c80fcd1045e72","260269131","Org","0","0"
"0xdc2ea058d5b8eddad6854b3cad7453d958e15004","k<�6N��y�V���","Org","0","0"
"0xdc0fd289eec126748d11b8a00f9d0d1a8f4188f1","205450672","Org","0","0"
"0xdc0e1269abba7e16daf914ba18ff85b2ca6960b0","350983617","Org","0","0"
"0xdc00e19d531781c2f5b28a107d7852b4d74cb90d","412253091","Org","0","0"
"0xdbd1bcfca39de31c370729856e91b770090bc7e8","383569922","Org","0","0"
"0xdbace5ff5533e4bbf497bcfaff8b4f15efa232d4","952264067","Org","0","0"
"0xdb87ae3fdbec9952cdf1b6d1ff8153b71f4d9944","G<�@�����`TvOek","Org","0","0"
"0xdb7afd1241c75dc05d747a2afbcc316dd9a4bca0","TJvA|�w����4�","Org","0","0"
"0xdb61b038952360e6ac15c1f3b9e82463a63c4faf","*F�L̋?��N��ظy","Org","0","0"
"0xdb57e78800df49fb7cf9f74d6c35e9ad862a448b","h��J����d�57��","Org","0","0"
"0xdb4e2d03f1e509b0360c472743ddd620bf49c106","9���Hc���Dgd�\nOo","Org","0","0"
"0xdb3d5f891c11fb341d9aab7fdf1fe490b329f998","203741107","Org","0","0"
"0xdb27a690f352c6ecf7c8c2158c940774c4368b40","112612035","Org","0","0"
"0xdb23a4585e8625efbae8c2e99712d88763399078","465039599","Org","0","0"
"0xdb1c6a21c5a18f57e90111a93ed681cbbfe27404","Z�\nB壨�'j{S��","Org","0","0"
"0xdb08fb0ee91892050af89077aebc05594c73481b","464871866","Org","0","0"
"0xdafb707311bc45e451debfee613923b6d520811f","ѳaD���y��\r��","Org","0","0"
"0xdaf563f55d5c9b965e299935f9fb0f616859c947","null","Fund","0","0"
"0xdad82fc8aae3c0816962b95460d5721d6901c3de","330480141","Org","0","0"
"0xdac3897e89c7c26a16bd7be2a1cc360137f1bf1c","��0�H݈j��`u��","Org","0","0"
"0xda8cd2ab7b4ff42cb2e61cbbaab02d2c08af5a60","472120872","Org","0","0"
"0xda834666845cfdf629fdf3df91db6507b631cdc9","3@nD�����jj�","Org","0","0"
"0xda7b9b86105c0ad618c4fb12f7a23115d9bd2546","821880103,","Org","0","0"
"0xda53108c9b75b91f6ed835ca14cad7d2b7c95e41","860254820","Org","0","0"
"0xda4c6af3242a885d0350793a9b944bb1b1f42364","823701514","Org","0","0"
"0xda330bc4d26aee33bd4db4bef7de8aedbb57070f","320033325","Org","0","0"
"0xda26722fee60f5fa4df4cd5efc2a187a7bfdc0e1","$��E��������Ӱ","Org","0","0"
"0xda148c3186b7e40eb59177d139fc799ffa1b3f8b","264455325","Org","0","0"
"0xda0fbca1feb3793ebee76379332067c81bc761c2","824618698","Org","0","0"
"0xda0ced5738db2894818ce9375df8534929d69500","453088713","Org","0","0"
"0xda08b748694f14049e070ac39081cf9a8b28dd73","953972799","Org","0","0"
"0xda03cb17547126570082ecff136a9ba12c2e688a","475521013","Org","0","0"
"0xd9fee5cd8883e1e308b2e1c40c4df73cad7d263d","133693391","Org","0","0"
"0xd9fab9d7d832f061000b1d1dd6cefde030701917","431201653","Org","0","0"
"0xd9f3c29d8bd3336cf8281b2dbb1e81ebdf887a1e","880974863","Org","0","0"
"0xd9da6f8d03271dde559159000b1ee2ef8e795e9f","264522309","Org","0","0"
"0xd9cfea76bbef8d9cf0191466bf44d22ebd294402","�R�SM�����wf�","Org","0","0"
"0xd9c928bc2f9237f23b45cf08c19f69821062b124","�||�B���䗘Q�","Org","0","0"
"0xd9c676694089f92c4e7418e0807b3bca4feb8560","460773284","Org","0","0"
"0xd9bf1ae864002fa065d6ad2b5df39e4a23e6df8d","}��M\r�Oʳ겥�b�","Org","0","0"
"0xd9a229aa787aa5f22b506eb445e09d0def2b7244","272920745","Org","0","0"
"0xd990f7a152d7e3d84f285f752951183c630ed3c6","��J��ؐ""lP A�","Org","0","0"
"0xd990a510c83982d0784623da694cc740bb6e27e8","660963647","Org","0","0"
"0xd97c8e345060f1c6877e20bd73da2203c0369049","450484533","Org","0","0"
"0xd97b931560e9d8b9ab09be5351774b250551ed66","@�s�I�����8ϧ�","Org","0","0"
"0xd96cacb31a726e8a9aa3449258af4916265a7639","271703237","Org","0","0"
"0xd968c0efd14ff1fca1b89ca7ba690dc6d2b08e3a","522296718","Org","0","0"
"0xd964a3bc8cbc025c1c7303609f85a3a03c2ec1ae","150532082","Org","0","0"
"0xd94eb27921707b11cce25b8afa4969a773673640","Nn��N����g���iB","Org","0","0"
"0xd94d7cd79196aef5f487863a80d2f1a07ac3b0c1","null","Fund","0","0"
"0xd93dfc89772c4ffac0c9ea57d7ce9bf736875996","043270385","Org","0","0"
"0xd92631317144e37b1874a6a2bd3a21cacfd039cc","131562242","Org","0","0"
"0xd9255abd11aa9a76611c8dcb7a7fecf7c385f1a1","941156707","Org","0","0"
"0xd90a72b643779dbe4ba8258ca1f44316bad542cb","204535728","Org","0","0"
"0xd8e7a503eb85bca1b16faa9cd9d3980c67f9bc51","363379124","Org","0","0"
"0xd8de5419225a3ea35da4c7f01243d1c12ffeb6cd","954191698","Org","0","0"
"0xd8c89beef87ac6cc58c9d2e16dfce4c5c1d05a8c","��Q\Dd���en�l�5p","Org","0","0"
"0xd8c862574abfc027e5ef635356f65a51701e259b","530206027","Org","0","0"
"0xd8a4f056ae67dbcd56b73c653641c1efdb491903","383853264","Org","0","0"
"0xd8a21a2fc1fca6965d8f0017f1093c463eb7b883","951643307","Org","0","0"
"0xd894b9af6a3f1d433d168ed7aed8f143809c910d","831204471","Org","0","0"
"0xd86a293fe048953c0970d7a97e45e826067ae84b","�e5�G4���������","Org","0","0"
"0xd842f359b5249913319ab00fe32770de1d4fc33c","311440073","Org","0","0"
"0xd82f7b201177d4c801e1b8b60009d8af60130dbd","846116951","Org","0","0"
"0xd829626d29d33c11007cec39de60e69d9c968244","823855510","Org","0","0"
"0xd825a7d91d4d955488e2583dc97101ce6731b7c1","��;D����p��V��","Org","0","0"
"0xd8189e38602fe95900a9a38e8f9964a1e724c0ff","null","Fund","0","0"
"0xd80e9307b227a38ee6916c24a460634fc603e57e","��]�L�#�JՖ��&","Org","0","0"
"0xd80c42a26752097d14574b89cff1dc0fa05346e4","��,�O��g����","Org","0","0"
"0xd802d6f9d75c38c5564b36bacc6924d3992ffd2c","341369388","Org","0","0"
"0xd7ecf9223b6b8674e1f7da93ee653e4f5a16e85c","542105425","Org","0","0"
"0xd7e5dbeffd4113f5f510eebc6f9a29abfc81296f","�X��Fŗ&��f�{}","Org","0","0"
"0xd7a639330f3dcd157fbdda4ff4d476c04ebfda35","132298956","Org","0","0"
"0xd79f2ed7bf381f74756c019d3ee1fbacf982079f","133625940","Org","0","0"
"0xd771798fc6f69eb18eb1e713a7bb4b36ad21d6f2","�2��Dc�E���)G�7","Org","0","0"
"0xd76d1aa6c1d57b7f49bd3fbebc08428241b04ac5","237137833","Org","0","0"
"0xd73cfc9c242c964aa7a0b1246079a1d3bcd51e33","042780755","Org","0","0"
"0xd72c0a1984d299e1f31de3ff4b8dd5ae215ea50d","222710919","Org","0","0"
"0xd725f6e8297fb088b21a908733d40e66023cccbb","882053639","Org","0","0"
"0xd71be5da569bb35c329f1a0d8961f92920d8a671","943252009","Org","0","0"
"0xd70f480b51340a489365868b8104dc1481cd3af5","�\ڃE>���䐗��","Org","0","0"
"0xd6ff4961c970ad47d78483a9dc3a6f03d60f61ab","261150699","Org","0","0"
"0xd6fd5c565628f7faa2cb2a623af9799a187e6bb7","430979927","Org","0","0"
"0xd6f67ca6d3a9335017f475b3956287ffb81cc7e6","843043384","Org","0","0"
"0xd6eddc4e12186627dc67c84b5984f16bcc7cbbd7","463864039","Org","0","0"
"0xd6eacb996f51f4114799f15414b6386c691257ef","943381171","Org","0","0"
"0xd6e61c3218c675dd0385430a8a0391f71c89ea45","U	��@ݡ�e�b��","Org","0","0"
"0xd6cc9ac34f0779ca32661dbe01bb97e14ff109eb","251718611","Org","0","0"
"0xd6c3ba7eb1a728d07a19a8c46620203605ccbc87","834667592","Org","0","0"
"0xd6ab4123c143a689d77fd05beb0533dbb70c6974","237314834","Org","0","0"
"0xd68e55a9a6dcc86d2b1e89177b19d7d1e860ceb2","�x\�O���'� ��","Org","0","0"
"0xd68d3c01aacd7386cc7153f3ea31b9e7d8b2394b","620854205","Org","0","0"
"0xd686daff2d27bbb437399af48534ae1d132bafd0","471442997","Org","0","0"
"0xd680aa4b398e49246486b97e956ff22bc88bb57d","811750864","Org","0","0"
"0xd65ee38e4a501596091a102dc6356b8ec7fec1f9","o�gDp���7dSr|_","Org","0","0"
"0xd6560c3807f1fb20a5a26adb8e9cabfe8760f3c5","720767028","Org","0","0"
"0xd646a1883b371d8a5d32c5570727ed202ace9d18","521367538","Org","0","0"
"0xd63e3f3ee55ae54d067e44db6300a07705c255c1","872070795","Org","0","0"
"0xd63e176318c81847c53b02c8734575fbfc213a37","261455510","Org","0","0"
"0xd638f8d5967d8f89c51a51922a6fdef8439e41f5","580566236","Org","0","0"
"0xd63240549c563dc8e266de63559a8b24d661b235","882106169","Org","0","0"
"0xd624068e6cf17c2a632e2b962fcfb6af952a1231","�[A�@��ǤT����","Org","0","0"
"0xd61e9d8c42e75386013d1d92f8105cca108698fc","522277575","Org","0","0"
"0xd61e71816b28a3246c351e33d1b6f7de7fdf0c9f","520742294","Org","0","0"
"0xd61a7548c7f92b7f6aa0c83044f8f3e071a6a56c","270565982","Org","0","0"
"0xd616ddd63d4f5b3d56566af121502f91eb620e24","814751526","Org","0","0"
"0xd613aecaa419e25558f7137dbf6286967c5e76f2","582610409","Org","0","0"
"0xd6049087cfba1307e343932c9ba8caa6a865b001","842462340","Org","0","0"
"0xd5e3a732ff83464276821122c03d45821361d13b","��kL���Y���}��","Org","0","0"
"0xd5da6b6a5eb90ed6f5e5a902657e8bf03c43b665","852052767","Org","0","0"
"0xd5c609e11ad064d03b1e75e2b97263c99f1c56e2","475518278","Org","0","0"
"0xd5c08129a523fbbfb49cd5b746cf30932d2ee77b",">s`J�����\r��i5","Org","0","0"
"0xd5aa538cdfa289bf5f2b86340e17f0482de68a03","411968798","Org","0","0"
"0xd5a9cb88d529085d8ba9db1964f0347464283e8b","��RH���nA�.V��","Org","0","0"
"0xd596776f056ae36b2f184e0468db9b4d67619932","362411723","Org","0","0"
"0xd593e8bb45244c3584bdd0858e599681cac52496","660890066","Org","0","0"
"0xd588992da4b59835ffa0e709426b6cf635046e41","946174016","Org","0","0"
"0xd5806d210e32bbe61ce28b30be32ffc8b4b318a9","475068496","Org","0","0"
"0xd572db38227dda31016014d678c672278840f7c4","061741162","Org","0","0"
"0xd5721c55eb89f05b05455a0df40f2c746ba6a474","262646373","Org","0","0"
"0xd52d5e5c055a74521c147aeefe613f846dac8204","���F����l��W�y","Org","0","0"
"0xd527848ed599a47c84fa7f6268247ed02e0885fa","942330864","Org","0","0"
"0xd521da222d848975527749c934cc407f4606cb4b","452455492","Org","0","0"
"0xd52087a383b191131e8131ea63fa16cb3a8f7963","202084852","Org","0","0"
"0xd50a7c6414ecda004b1821b1aad80825314514b6","822171680","Org","0","0"
"0xd503d67a8a5e0f390cbe9807d577c8309a7612cb","200764162","Org","0","0"
"0xd4f8def0f501143bc9e1f3dc9d92f7e8074c6dd5","901019558","Org","0","0"
"0xd4f7498307fa2f0d8d0aae06941678ba98e71ef4","042104048","Org","0","0"
"0xd4edcdd3707aeb66b5563b7e9dce1480e23002c8","CT\�N՚ ��(����3","Org","0","0"
"0xd4ad27d282a1094f8cf8b4514ab114fea1b40ae1","HA��Ik����\r��ֹ�","Org","0","0"
"0xd4a8805ed29f9764d1e6d5fcf60c1712f736cc33","020539734","Org","0","0"
"0xd4a022bf49ecc5e9f6dd36c9937ac256bf0360b4","\rm�J?���J{�+�,�","Org","0","0"
"0xd49560911eebea872b88580363e74f7f1c5b6201","113483921","Org","0","0"
"0xd482a1b21b061b4e5e6cf8bfbd2047cf1c8514fd","850423492","Org","0","0"
"0xd47d42a6ffa6eea271e3e6f0f3af176ceb7cc4d2","261535453","Org","0","0"
"0xd4786965836aa64a3811ba4e33ff8d42889d0640","871927296","Org","0","0"
"0xd46629521c5ac1e9f0573adb7676f33b3236a31a","�H��A-�,�H��ʤ�/","Org","0","0"
"0xd45d0af88eb4233f989625cfea434ac8f7e6637b","�7�I��""��F6ي�","Org","0","0"
"0xd44f9bc52d0cb9ae2bd51f11f0a104a462df5a40","760208346","Org","0","0"
"0xd44a02b9e91da5eb205fed7227d0434c386dfce4","954023617","Org","22500000000000000","0"
"0xd439be299f4799094f5fa2572d6815321613b868","e���B��踽i	io�","Org","0","0"
"0xd42c765df04dfd374dd696f47ba727aa5150990d","�DRxJݤ����Wl79","Org","0","0"
"0xd42801f9d5e7396ff5d9e71dc058aca079b06cce","852126429","Org","0","0"
"0xd4114f8897643c3f35025c609001f21d97218b66","364166125","Org","0","0"
"0xd3f8f64d40f501a261248fe6135d61b5892c4358","814820272","Org","0","0"
"0xd3f8b37433bd31b2bf6777585bad7d42875112f7","593400922","Org","0","0"
"0xd3f83e3a87a793b9fa7b9aa3d1701c1e3b07cb3c","�v!Dٰ���ͨ�+K1","Org","0","0"
"0xd3f1ee8c7dab3bbadafc95135529ae83f2575cbe","611516132","Org","0","0"
"0xd3ded803b6a80ab9e6745a8de4fb962f2904749f","530196605","Org","0","0"
"0xd3deb4d4b120873f490cf6aed1e9cc3f9d2579cc","460920019","Org","0","0"
"0xd3c7d73cf7181dbff030d79e8f21ab0074acd11b","571136147","Org","0","0"
"0xd3b270b83492db46b652b98a397ef3bb9e8e9300","J��7NٖS�)ʂy��","Org","0","0"
"0xd39f6bfbbd1a66e790c70fe214c7436e745f7a01","823908496","Org","0","0"
"0xd395c1a8b8cd535f17b646a588ceb889c27cc37f","320408734","Org","0","0"
"0xd38e5ccb8335dbcf3b017fa476152727df085d09","566057494","Org","0","0"
"0xd36586ba2610ff043f46fe3632b876db5f13edb1","����H{���ˆS<�9�","Org","0","0"
"0xd35cd4eca357c2697e7a28a3e958b80a47381533","237174187","Org","0","0"
"0xd343fdef23c3c5c69145f90a08ddfebbf7889797","166069240","Org","0","0"
"0xd31ff6dc6682330c5a45a17d4a6d75c66dbd054c","261879659","Org","0","0"
"0xd30305728749fada95b748c96eaa23566ef69365","237379091","Org","0","0"
"0xd2d03da0779deb556a6232321b65a891d3712422","770101107","Org","0","0"
"0xd2ccd0e9c9b2a338af55519bddc52047523f8395","943139952","Org","17100000000000000","0"
"0xd2c0450b72978b660204eb087a0c40a5db6ad878","861536473","Org","0","0"
"0xd2b3ede9b3ab440d87fc4eeb8ef4035749053093","471308073","Org","0","0"
"0xd2a8bd4bd337a1c35975eb36649c6a4c82829c6e","680051386","Org","0","0"
"0xd299560348fc3c4fc3191fef9fe054d6efbafcd6","362210019","Org","0","0"
"0xd291a787277cdf4639295793609111b0648abebf","135562265","Org","0","0"
"0xd28a87b737b4a7094e266d06618ef03227c434f3","226029397","Org","0","0"
"0xd288dba20d038da62b9ff8438d07859950c1332d","�&�Il���j�Y""R","Org","0","0"
"0xd2863d301e5695af027123bacca968351aede8dc","���A����v����","Org","0","0"
"0xd27f2a70b2da8370134a60fcc4185670e1f5855f","812428825","Org","0","0"
"0xd27cb7696f576a12da654048469fa6e23c38f314","842898638","Org","0","0"
"0xd26c15c479e08784a42f6d2126260ccc1a9b9d20","q��Oр��$*��","Org","0","0"
"0xd2594e91556be2f48b8718153927a7718a471268","751952669","Org","0","0"
"0xd2444c00a8628c54d88f07dcfd74dc4fe3a45297","930504694","Org","0","0"
"0xd240f5dad5dd421534d8d2ca32ec9fad7208b186","�U�K%�����@�l","Org","0","0"
"0xd23a924fc68c1d0598ef97bde1c156d469748791","null","Fund","0","0"
"0xd23695759c75532d0a9ede30d15de57f87766dc6","���EU�+�$�	n�","Org","0","0"
"0xd2299260122bffc4c268e5e9fa9a8305cdab3cc4","��\rA� �_�:{��","Org","0","0"
"0xd228d157ded17a3d5628a48fe8fae33063dd0b2d","�54�M���Γ�H�S��","Org","0","0"
"0xd209cade059b49bdfc77d891079c2f01dd56e22f","201794209","Org","0","0"
"0xd1f5204c66e04a1aa4f47e62f59a069f93d7974d","���)FX����9�M�k","Org","0","0"
"0xd1c7e548f2191184b910cf9ace11f40cb6551e5e","455012161","Org","0","0"
"0xd1bdea0e238510767db5e366cceadde99e64bfa8","�R4qK��m����w�Q�","Org","0","0"
"0xd1b56caa281df2cf88ee830e1cb39d4ba5dfd729","�E�M����DErV���","Org","0","0"
"0xd1a73e3a3c1f030f59aa7820c472b49113e22ede","912156812","Org","0","0"
"0xd1a15f933ae42b7f8f6a74a2f0965661b17e96bf","452634049","Org","0","0"
"0xd197086bbf7da8de5f2aadd8144acdd8c967647a","833643334","Org","0","0"
"0xd1663586286a0a043f1051be3e8897b7122e4e06","900954778","Org","0","0"
"0xd16417a59e077315cda396ae525e508f50b17f51","592620322","Org","0","0"
"0xd15d38e07986a1ea6909c06f33c0a8ff41491cd0","null","Fund","0","0"
"0xd106550ad9ba1889ed4d785900ab256c8a679c4e","473548963","Org","0","0"
"0xd1033f0a9209c58243e228759e06d271b85c1eb5","481077337","Org","0","0"
"0xd0de9346022e6d5cc33d9bd092ccb223247f1b36","wS;@/�a�݊�[��","Org","0","0"
"0xd0bf5ec1b0512eabaffb700208d8c28b97f81208","201648411","Org","0","0"
"0xd0a692d0cf4a15f9487247f837bb1fa6c39d9cbe","943000301","Org","0","0"
"0xd0a50db93e5723d54aa9815e04c52c2106157ed9","742502171","Org","0","0"
"0xd0a2d2b3deb363310543e95566b0902e94d2008f","133727250","Org","0","0"
"0xd08f583e5743fdd4cfe9b0cbed24f80ba9a553b0","943286344","Org","0","0"
"0xd03fa9daceac9d1f3dd9c8cf7cecc0eb35639830","6(Be�3�PR��H�","Org","0","0"
"0xd03eca86d2d94d8c39065bd0af4c37cc31e45c72","810244542","Org","0","0"
"0xd03560741892d8889c91b2481399004047374833","461657101","Org","0","0"
"0xd031091de21dd809049796a9dbaf65785d7891ea","�2�IHť���86��ͷ","Org","0","0"
"0xcffa6195b0c7dde1f9692fc3a4fa719d9c8b9ec1","null","Fund","0","0"
"0xcfd1146ff6c4fca7ec6cef742a6d9a244ee29aa5","141901877","Org","0","0"
"0xcfcf2c29dc42d56428add6d54e5f51f6bd025f6f","751327048","Org","0","0"
"0xcfbcb9e5ca0602545dfa402ff861f3c5f9924ea8","650253002","Org","0","0"
"0xcfa87c606cab54ed3bd3a9887e38d3ec197b994e","�@M\D�������̶e�","Org","0","0"
"0xcf984fb515e6dbc9ce6b855a200326c8456f62b7","�\�#Jp����<e���","Org","0","0"
"0xcf84ad7782bc01b1b460696b5fc413b3353ef8a0","823658329","Org","0","0"
"0xcf7dd591686fcba53f57ea6df85f93852d453448","350868149","Org","0","0"
"0xcf77d66e09529f958890e9b5a17c4f4cd5bf05c8","742742842","Org","0","0"
"0xcf5b4317ec38a840c04387fb4b67d6cdd2e3c12c","��lcBm����øB�^7","Org","0","0"
"0xcf5ac3fc5dfa71d5073533d6f9f00d3c0e9eae43","871095844","Org","0","0"
"0xcf57f75524c33a20d9f4376dc744f4dbd8419849","�\n8EN���ᢰ�XF@","Org","0","0"
"0xcf54f9ed834ed9661e04bd2146225930ecff9b0b","941722559","Org","0","0"
"0xcf4aa6e2cfe69e9a397cc785eea5a90219c964e1","null","Fund","100000000000000","0"
"0xcf3b701449d7ee0f849e531673ca4f7454aba8fa","B��iG�m�X�w|9#P","Org","0","0"
"0xcf39ec18d5fe5530efb05d98b0f6287369f73b13","�H��Es�\r崁\n����","Org","0","0"
"0xcf12bc78ae24070f2afb5e211ab0abc1bed0b2da","521986675","Org","0","0"
"0xcf109387e1b6bbb47ccbd826f2850311fe8835fc","��ժHZ�s��RhTs��","Org","0","0"
"0xcf07d7b3ff8dd91e23d2d869b0f30f1e4238c106","H�H#Jۈ��\r����*!","Org","0","0"
"0xcef8621326d29c2cd04049322c27c8cebbaec00d","��{\rF\n��@9��/�","Org","0","0"
"0xcee30379ec07949818884d077b0eff2d875e55a8","A�H`B��S���W�;","Org","0","0"
"0xcedb418bad193b780b0029355ba1063bc7cbb083","[��5IP���H�w��8","Org","0","0"
"0xcecbe147fb0abdfd959a084aeed78f8d41176def","591477007","Org","0","0"
"0xceb282eef815043ebcf6cc72d8b006651bf5951c","731551753","Org","0","0"
"0xce8410cb8a2f96f0c29223baad4fd0d23e18ff93","�NvHH����-��Fj","Org","0","0"
"0xce7fa8d04033b743f3c7da2b376e7552058af95a","371548241","Org","0","0"
"0xce7aba4e39450fe0d92d1d48ff423dd98f8f181e","g�+#GȞҁW�\)�I","Org","0","0"
"0xce2e0246fbf6841d1adff8c754f15218f59054a9","453022817","Org","0","0"
"0xce20dbda37ef03a7a352a49c1f942393261367d6","262513136","Org","0","0"
"0xce20d22e0a0b276464c32459d48011c5b8ce12a2","�\re@�����Q��","Org","0","0"
"0xce20b4db52324904cdaead57c46361bc78c8b0a7","�iKj���0���~ڈ","Org","0","0"
"0xce0e5afe9c1a058a267a6b353fb00c39a06deb86","811397590","Org","0","0"
"0xce0b4a2636f85dc1c08f37d2a730ea2c1aa15de4","271250302","Org","0","0"
"0xcddccf1194f5b625b75fcf749dc224a37c0eace2","820989470","Org","0","0"
"0xcdc4a969fada8011ad1c819a0dfa8efeaf2039da","770071544","Org","0","0"
"0xcdbcfd852543c0b1602214e0688215315471a935","916013536","Org","0","0"
"0xcdba3bff37a116aaa341e677226009bb79fa9210","750991727","Org","0","0"
"0xcd9c76880a7fa8d5d90b9b9f11b09f0e1459feb7","237310664","Org","0","0"
"0xcd9b6bbe15af3452871184b7ba473ed94be2d69a","203021444","Org","0","0"
"0xcd86f668aaf0a34a44ac25655647ff23d872bfd9","null","Fund","0","0"
"0xcd857dc736321be3b93715f35f33c5398ad53a80","986001029","Org","0","0"
"0xcd7d55e7a2ed88529f6781f86240bbaf48b41569","813470281","Org","0","0"
"0xcd7511afe8b8ee5b3ecc0c36cadd2385609ed9cd","742421549","Org","0","0"
"0xcd66ec384e1f02e1ecb08beb3a1d7ecca176ad82","941628213","Org","0","0"
"0xcd6033b1721d4b7a79f0f267b82803c3fd1c6032","942808039","Org","0","0"
"0xcd31a93d1648df447d8639da8379eb97c591032c","300604758","Org","0","0"
"0xcd1db6a73634261513eb8f81b82c85e177327c2f","���E������L�<\","Org","0","0"
"0xcd0deef44886f138bc00d99f0841301cc99b6cfe","�<rGD뭗��ѫbs�b","Org","0","0"
"0xccff79cf3b7fc29ae262eee46ddcf78562cde805"," �@XHh�F�G��I�~","Org","0","0"
"0xccf25df84da57b321496063b6f9f9366342054da","null","Fund","0","0"
"0xcceafc63c54133b5c68f5b2438718ea981697fe9","455191933","Org","0","0"
"0xccde71cdf9e18a4a2e46a9a834fd2aa0503f483f","943038202","Org","0","0"
"0xccb5baf9c92231152ddebc8c91d7ad6a14c14b0a","����O&���7�X�E%u","Org","0","0"
"0xccaa94ea26b29b7b5f6165c91e712e56d76472da","262117502","Org","0","0"
"0xccaa30ce0fb708e7c113c91736ffcc5b38ebc82b","843247477","Org","0","0"
"0xcc913738bbdcdb60de8fba7b09b27b2ff8b00085","953252001","Org","0","0"
"0xcc8ebd87de87b5df5d2be601751b095094896f5f","752089242","Org","0","0"
"0xcc6c3eb612600539aa479866d652f09123147362","721585854","Org","0","0"
"0xcc593842acb9166877d910750563a086436a7165","null","Fund","0","0"
"0xcc54ce5154081e7be9113a2938740007b37405c4","464638549","Org","0","0"
"0xcc4d513501ce13732e77aa3488b06968fbfa6ccb","825284914","Org","0","0"
"0xcc40200ba78837aed433dbac6c3d3e0404227b30","941156554","Org","0","0"
"0xcc386fe33910d0fecfe876cd637b20d371cdd481","gj*@ԥQ�E�Ǜ�>�","Org","0","0"
"0xcc2705d14905f36acdaf00b74de160d6e1ba1309","830287513","Org","0","0"
"0xcc256fed23fc3622369a8f034c58cf13a01513d5","844010370","Org","0","0"
"0xcc199e7c94a2b4c07f5f23aaa3bebc3d7a095845","591108790","Org","0","0"
"0xcc0dd215734c43362ffc7eac1133764c05f45480","843959584","Org","0","0"
"0xcc07837f2720685b60a50b96848e08ac215f00d8","null","Fund","0","0"
"0xcbdcfdf43a03da05972ffe4996f2f96995000421","���BJ*����w�J�","Org","0","0"
"0xcbbb89275b10e73bac86cd2ba8bf72a20a27760a","954335088","Org","0","0"
"0xcba8e72b43b4d9e505c7cb27704446d1481e7f02","��)�C����p\n��","Org","0","0"
"0xcba2516145f6162b6f87c3ae938ff1fc4cc41c00","k���B��î��϶�","Org","0","0"
"0xcba1ff0999049c9d6fe66c40e2160830f64f59c9","954239478","Org","0","0"
"0xcb84511c2175d39f5245cc7662d7218387544ae2","941322179","Org","0","0"
"0xcb79a4cc01abd3f4441f649d1a1c363a79bde4f9","��#�C����*��.Ɉ�","Org","0","0"
"0xcb75a9e7ddff5cfa709bc7c795a8af9b7a37c34c","473180959","Org","0","0"
"0xcb7560971404d8ba26e8021ad85b28a1f8dead83","�o[RL�����e��N�","Org","0","0"
"0xcb66aa1ec23957b0f75697718a4e812904b9ba22","235457403","Org","0","0"
"0xcb6610ba3b62a7cb4e8d114360b1f73d4978d9da","811925812","Org","0","0"
"0xcb5966a341ce0718bcd190f437fe381c0cddaeda","454134319","Org","0","0"
"0xcb5547f4e6b2678437e01129fd9e3857ef1148f1","951642394","Org","0","0"
"0xcb5291d56f986e8179aff4a4af2fb1bda4339134","��SH߹��y#�H�","Org","0","0"
"0xcb43c046295ba9060ca2a7b4b0e720c36b2c5263","463668128","Org","0","0"
"0xcb2de23caceb09df2e3d22f839ac285f0daab6d3","��=EC����?8Y򀌽","Org","0","0"
"0xcb29adff224bede232d6bf2fede84f0625d66e68","�-��M�H��B�j""�","Org","0","0"
"0xcb0f64ec7ae3fcc012871f341ecef0c2cee3c26c","030566373","Org","0","0"
"0xcaf759d98ae9da033f7e8f8209d9ec80f16f06f7","475424265","Org","0","0"
"0xcab30e37818096a83ebef80c73d8d9b76341ec15","null","Fund","0","0"
"0xcab2aaa8c0927a6a87b7608eee458cafa88d65ca","824614993","Org","0","0"
"0xcaae732d644bba25137983f1cd8edbe619425b09","��:�@���꽚��W","Org","0","0"
"0xcaa9fafc7f0c712dc0dfbc860fac26ffff50736b","316402269","Org","0","0"
"0xcaa920d82cd8676e21c2d2ef36ee6f445009aaaf","null","Fund","0","0"
"0xca9abcd5a1b7f82ced97bfa8e034c837d32b1a8c","272027629","Org","0","0"
"0xca97ee239ef567cf4972e22f450f7d6a2dc0ed12","��5DU�r������8�","Org","0","0"
"0xca8d0c793330df9b9e60a03b4bda31ce6ae91e6f","841767712","Org","0","0"
"0xca8430f1549a8c91ada9a2510ae39f8280f2ce2b","412168110","Org","0","0"
